Date,Open,High,Low,Close,Volume
2018-01-02,39.7761820981515,40.27642306888876,39.565798181369,40.26707077026367,102223600
2018-01-03,40.33019497342311,40.80238628352514,40.19695500765061,40.260066986083984,118071600
2018-01-04,40.3325285848356,40.54992497445396,40.22500210267125,40.44707107543945,89738400
2018-01-05,40.54291247080879,40.99406285723671,40.45174716352319,40.90757369995117,94640000
2018-01-08,40.75563049316406,41.05016372371372,40.657449182790344,40.75563049316406,82271200
2018-01-09,40.80238443961448,40.921599515903196,40.53590095325459,40.75095748901367,86336000
2018-01-10,40.477452652181725,40.743936079890894,40.440050593275295,40.74159622192383,95839600
2018-01-11,40.81172158381117,41.02210547657908,40.78834797363013,40.97301483154297,74670800
2018-01-12,41.18339796582762,41.459233692882485,41.05950676616482,41.3961181640625,101672400
2018-01-16,41.585476374529335,41.93377648897424,41.17406427506678,41.185752868652344,118263600
2018-01-17,41.17638686955348,41.90103662850465,40.923931879747094,41.86597442626953,137547200
2018-01-18,41.929094823419305,42.09974042023661,41.6672874824555,41.90338134765625,124773600
2018-01-19,41.751450920555335,41.978196109630254,41.470942474678054,41.71638870239258,129700400
2018-01-22,41.44521571876117,41.5574183478053,41.28158614164321,41.37508773803711,108434400
2018-01-23,41.44522445106315,41.94546558756909,41.333021798378475,41.38444519042969,130756400
2018-01-24,41.433531621173195,41.44522021370444,40.486812695865126,40.72524642944336,204420400
2018-01-25,40.79303486002607,40.89588876808735,39.86268067077133,39.998260498046875,166116000
2018-01-26,40.206293567865494,40.206293567865494,39.75280340692622,40.09175109863281,156572000
2018-01-29,39.77619843609808,39.77619843609808,39.053888228895595,39.261932373046875,202561600
2018-01-30,38.693887061115404,39.124000098125286,38.499867866116375,39.03049850463867,184192800
2018-01-31,39.00711972420556,39.37412077565685,38.92063057543217,39.138023376464844,129915600
2018-02-01,39.07725255770871,39.41620032091382,38.98141109794126,39.219844818115234,188923200
2018-02-02,38.80375196035035,38.99075870726561,37.424583889707215,37.51808547973633,346375200
2018-02-05,37.190826320809336,38.30818708507509,36.46617651460954,36.580718994140625,290954000
2018-02-06,36.19267842788692,38.270782705665994,35.99865925194776,38.10948944091797,272975200
2018-02-07,38.12352220639921,38.195986484247946,37.18381931919892,37.29368209838867,206434400
2018-02-08,37.46899249081761,37.63496190465887,36.2394291809823,36.267478942871094,217562000
2018-02-09,36.865999961496776,37.058460813619604,35.26292594672998,36.711090087890625,282690400
2018-02-12,37.201625228363696,38.46671505344137,36.969260475488554,38.18975830078125,243278000
2018-02-13,38.01139120629208,38.66858177983185,37.94097729101988,38.572349548339844,130196800
2018-02-14,38.26721478410091,39.32341248785229,38.22966380983118,39.283512115478516,162579600
2018-02-15,39.85150062365004,40.6260461144055,39.666080874666676,40.602577209472656,204588800
2018-02-16,40.45471012448488,41.032099647351984,40.31623176094722,40.47113800048828,160704400
2018-02-20,40.38196338095014,40.900671851907454,40.234094542494496,40.33502197265625,135722000
2018-02-21,40.56504027258118,40.86781542185468,40.13786518942926,40.15195083618164,149886400
2018-02-22,40.32328643776861,40.827912853294784,40.302163340873086,40.48758316040039,123967600
2018-02-23,40.76218681135434,41.22691276622604,40.73167328929835,41.191707611083984,135249600
2018-02-26,41.39122380504643,42.10474259221506,41.35836445790183,42.00616455078125,152648800
2018-02-27,42.036667914040706,42.36056609144427,41.816039387401,41.87002182006836,155712400
2018-02-28,42.07421817804011,42.39342471689793,41.79022037577208,41.80664825439453,151128400
2018-03-01,41.90522615725141,42.19626857117151,40.52513035651895,41.0743522644043,195208000
2018-03-02,40.55799620973738,41.37948338697755,40.47584605945342,41.358360290527344,153816000
2018-03-05,41.12364548723818,41.71746301418378,40.96169460145311,41.501529693603516,113605600
2018-03-06,41.75737398689694,41.83717475100933,41.33958930254335,41.466331481933594,95154000
2018-03-07,41.0602787275082,41.27386626316505,40.903023033099316,41.08140182495117,126814000
2018-03-08,41.18702590576379,41.571951247634466,41.090797256346484,41.52970504760742,95096400
2018-03-09,41.76910835419292,42.24791649869535,41.63532156620826,42.243221282958984,128740800
2018-03-12,42.31597330142616,42.80886700334209,42.29719960470139,42.651611328125,128828400
2018-03-13,42.855812120337546,43.069399648429766,42.069533676140765,42.24087142944336,126774000
2018-03-14,42.3230244232332,42.369965835063375,41.73389842335402,41.88176727294922,117473600
2018-03-15,41.8958365647404,42.30423424408691,41.79491273914619,41.9310417175293,90975200
2018-03-16,41.931045473172695,42.04135973699052,41.689293851971776,41.783180236816406,157618800
2018-03-19,41.618891880252036,41.65409704324905,40.75985008912387,41.144775390625,133787200
2018-03-20,41.13069152832031,41.49683953309172,41.06027762400275,41.13069152832031,78597600
2018-03-21,41.08375108302355,41.09548733194154,40.19654510210862,40.19889450073242,148219600
2018-03-22,39.90079799352127,40.529820619288714,39.57220461907548,39.630882263183594,165963200
2018-03-23,39.522916102330775,39.88202301847782,38.713165283203125,38.713165283203125,164115200
2018-03-26,39.44781747650699,40.628411664082556,39.06523800187792,40.55095672607422,150164800
2018-03-27,40.76455034381911,41.10957533975339,39.177907391154584,39.51119613647461,163690400
2018-03-28,39.25535128853273,39.90550071027378,38.77184798320467,39.074623107910156,166674000
2018-03-29,39.386786515119255,40.31154688271614,39.173199002522075,39.37974548339844,153594000
2018-04-02,39.11217992291302,39.65201509761951,38.60285827668735,39.12156677246094,150347200
2018-04-03,39.34688194941007,39.60741083952156,38.6990820303163,39.52291488647461,121112000
2018-04-04,38.69908884100521,40.372573155198666,38.673270529102645,40.278690338134766,138422000
2018-04-05,40.506362030743446,40.89363314796675,40.38900671262728,40.55799865722656,107732800
2018-04-06,40.12847614077942,40.482887897857516,39.478326701909054,39.52057647705078,140021200
2018-04-09,39.87265530490504,40.62607465468851,39.865614270338924,39.91255569458008,116070800
2018-04-10,40.60493852359392,40.839649150897934,40.25991361494503,40.66361618041992,113634400
2018-04-11,40.424216112898584,40.820877702734585,40.29981974916783,40.473506927490234,89726400
2018-04-12,40.70116744671329,41.07435645439156,40.61432208628652,40.87250518798828,91557200
2018-04-13,41.0227340229716,41.27152678080941,40.80445480081609,41.0109977722168,100497200
2018-04-16,41.081384229836075,41.353649307157035,41.03444283960107,41.266807556152344,86313600
2018-04-17,41.42408378679558,41.9991241613357,41.40530650508239,41.8348274230957,106421600
2018-04-18,41.733887619020656,41.9709475967017,41.515608498889755,41.740928649902344,83018000
2018-04-19,40.78331886242555,41.16589834553228,40.525139311410044,40.55799865722656,139235200
2018-04-20,40.04163301530664,40.1871524529709,38.82817596401007,38.896244049072266,261964400
2018-04-23,39.15677747678798,39.177900575378345,38.51366901785712,38.78358840942383,146062000
2018-04-24,38.88450667946601,39.03941654299841,37.84004517183039,38.24374771118164,134768000
2018-04-25,38.16863731070807,38.82582771877816,38.11935008940759,38.4103889465332,113528400
2018-04-26,38.52070551465223,38.89858975322706,38.34467255099439,38.5441780090332,111852000
2018-04-27,38.49254827406108,38.57000322169767,37.70157449520931,38.098236083984375,142623200
2018-04-30,38.053619880269714,39.25768247980776,37.98555182008268,38.78826141357422,169709600
2018-05-01,39.05819166644517,39.71303266229741,38.790621726653995,39.6895637512207,214277600
2018-05-02,41.128337096986456,41.71980880691432,40.79270266081835,41.44285202026367,266157600
2018-05-03,41.28090316830111,41.66113320985868,40.94291931740563,41.51795959472656,136272800
2018-05-04,41.8371686901322,43.24543243285755,41.81839141046121,43.146854400634766,224805200
2018-05-07,43.46371415611706,44.04814493310454,43.36279030101084,43.459022521972656,169805600
2018-05-08,43.419111259653036,43.70780426877287,43.109291576578705,43.667903900146484,113611200
2018-05-09,43.78527251956743,43.98477442343587,43.47310692497295,43.97538757324219,92844800
2018-05-10,44.064580428056125,44.68186702612727,44.04345374687312,44.60441207885742,111957200
2018-05-11,44.646817320397844,44.78111639096404,44.16615931102086,44.43476104736328,104848800
2018-05-14,44.53371864959899,44.65623981059255,44.26276205405801,44.33108901977539,83115200
2018-05-15,44.008289149690455,44.07661969891529,43.61245659840907,43.92818069458008,94780800
2018-05-16,43.84100824044488,44.40412953249525,43.82451341829647,44.33815383911133,76732400
2018-05-17,44.29574794788918,44.510159080061804,43.90933837555642,44.057777404785156,69176000
2018-05-18,44.104899251623095,44.25097982122303,43.85514720867744,43.89755630493164,73190800
2018-05-21,44.29574904119214,44.594981969565396,44.0389288058782,44.20857238769531,73603200
2018-05-22,44.385279304995024,44.50308713532342,44.00829280986027,44.09782791137695,60962800
2018-05-23,43.90698323730388,44.41355550927262,43.767967254278695,44.38056945800781,80233600
2018-05-24,44.47717318699425,44.49366441518397,43.873997617810524,44.33108901977539,92936000
2018-05-25,44.34994806456397,44.684521971347976,44.213290509081354,44.43241500854492,69844000
2018-05-29,44.20150825776424,44.47246488387322,44.02950620237712,44.27219009399414,90056400
2018-05-30,44.229779925474894,44.295752034505206,44.00830059006872,44.17794418334961,74762000
2018-05-31,44.111965976448204,44.349936508610654,43.857500621703196,44.02949905395508,109931200
2018-06-01,44.293385470252254,44.82823038465097,44.23683642236109,44.82352066040039,93770000
2018-06-04,45.15339070780669,45.57278634857579,45.08506373956886,45.198158264160156,105064800
2018-06-05,45.49032952721355,45.6953140564857,45.323040781395484,45.546875,86264000
2018-06-06,45.622271460181125,45.72829781152777,45.219367010811325,45.704734802246094,83734400
2018-06-07,45.74243130384017,45.756567670436446,45.318322329900795,45.58221435546875,85388800
2018-06-08,45.04265402342088,45.23821549056052,44.71279347355301,45.16753005981445,106627200
2018-06-11,45.0850695440865,45.23115014029129,44.816467766594464,45.056793212890625,73234000
2018-06-12,45.094482345524824,45.381933746768155,45.03793329119162,45.30418014526367,67644400
2018-06-13,45.337159196554886,45.44554396849408,44.870641254749685,44.93190002441406,86553600
2018-06-14,45.132186622912144,45.13689994342156,44.81881732042377,44.955474853515625,86440400
2018-06-15,44.7740470200036,44.8046782086226,44.357006263123864,44.4936637878418,246876800
2018-06-18,44.267470793974596,44.583194911549555,44.107250277682624,44.47010040283203,73939600
2018-06-19,43.621875534328076,43.902258696020326,43.22368456319936,43.75146484375,134314000
2018-06-20,43.90698086547268,44.10725202475832,43.76089670758285,43.94232177734375,82514800
2018-06-21,44.119035175144084,44.37821385591246,43.57476354074038,43.69728469848633,102847600
2018-06-22,43.852795049886204,43.8598632336105,43.51822117116477,43.5700569152832,108801600
2018-06-25,43.21190629335723,43.5700430674738,42.58281297536606,42.92210006713867,126652400
2018-06-26,43.11532148892775,43.94939954793936,43.00929153976301,43.45460510253906,98276800
2018-06-27,43.64307897376259,44.12609169928207,43.36034095730524,43.39097213745117,101141200
2018-06-28,43.376861642817076,43.874011026342984,43.30617619774868,43.706722259521484,69460800
2018-06-29,43.89284334908779,44.10489961774891,43.09646479717635,43.61481857299805,90950800
2018-07-02,43.31087386848866,44.130815387435966,43.21662544405176,44.1025390625,70925200
2018-07-03,44.24627770584401,44.28397708664571,43.2449108227678,43.33444595336914,55819200
2018-07-05,43.65016137767174,43.92112157794117,43.41925900843449,43.68314743041992,66416800
2018-07-06,43.68785278271046,44.39705458505111,43.63601705281612,44.288673400878906,69940800
2018-07-09,44.64916777229769,44.92719252665673,44.60204535912611,44.90363311767578,79026400
2018-07-10,44.934267130145,45.06856619589097,44.80938751433222,44.84944534301758,63756400
2018-07-11,44.41355569937035,44.715143482285086,44.203857887887295,44.26747512817383,75326000
2018-07-12,44.65624668107368,45.09920538074771,44.604410935570954,45.00967025756836,72164400
2018-07-13,45.02145266730081,45.20051932204773,44.97903996775959,45.08035659790039,50055600
2018-07-16,45.12511762037944,45.391360903359555,44.86593892521994,44.98139190673828,60172400
2018-07-17,44.708069985718346,45.20757401770042,44.57848065802218,45.10861587524414,62138000
2018-07-18,45.18637208262621,45.19108540259918,44.750481662975155,44.86122131347656,65573600
2018-07-19,44.69393913236674,45.36780012426097,44.69393913236674,45.209938049316406,81147200
2018-07-20,45.186363025070804,45.33951173900121,44.80702173550467,45.10625457763672,82704800
2018-07-23,44.92719968848247,45.22879109031837,44.66331125648758,45.146324157714844,63957600
2018-07-24,45.34424562347357,45.629342233032894,45.2500007714201,45.47383499145508,74791600
2018-07-25,45.487963024230176,45.90971710862951,45.33952399399678,45.90264892578125,66839600
2018-07-26,45.85316358781776,46.171246165870855,45.61754792858129,45.75891876220703,76304000
2018-07-27,45.94270404769693,45.9898264659988,44.79054348344733,44.99788284301758,96096000
2018-07-30,45.214642349023656,45.285327763928684,44.547853215165986,44.74576950073242,84118000
2018-07-31,44.83766271788807,45.271194687816894,44.61147009280662,44.835304260253906,157492000
2018-08-01,46.918150683987434,47.53781746675014,46.48932842822588,47.476558685302734,271742800
2018-08-02,47.25978457536614,49.09758725034946,47.205593985888,48.86432647705078,249616000
2018-08-03,48.7795103543594,49.18241471941246,48.414305358183405,49.00570297241211,133789600
2018-08-06,49.0080670799903,49.30258671388447,48.788946198074015,49.26017761230469,101701600
2018-08-07,49.31908266786328,49.361491770413686,48.71590342386616,48.798370361328125,102349600
2018-08-08,48.548610329531655,48.9632926213491,48.18811863605624,48.83134841918945,90102000
2018-08-09,49.36856474449613,49.42746867833868,48.81957964965833,49.215415954589844,93970400
2018-08-10,49.02861098938335,49.44002134910859,48.865465439702334,49.06880569458008,98444800
2018-08-13,49.489674247514394,49.87743898167193,49.10900248470338,49.38563919067383,103563600
2018-08-14,49.69065012134938,49.78522547543453,49.241408169898676,49.59370803833008,82992000
2018-08-15,49.46839996655359,49.82779284898479,49.25796671198787,49.709571838378906,115230400
2018-08-16,50.06658953343815,50.553659437598704,50.00038606730865,50.43780517578125,114001600
2018-08-17,50.466179578876776,51.53253166882398,50.39997610944165,51.44504928588867,141708000
2018-08-20,51.56800870100237,51.823362921071144,50.861045725428916,50.94380187988281,121150800
2018-08-21,51.260614928998095,51.35282714419137,50.6056697243691,50.84447479248047,104639200
2018-08-22,50.62225116617436,51.15660897232925,50.56077391588992,50.84687042236328,76072400
2018-08-23,50.75227555879988,51.31973854252035,50.74045634465841,50.950889587402344,75532800
2018-08-24,51.213352865683774,51.28428259912692,50.861052889031185,51.109317779541016,73905600
2018-08-27,51.343371637166726,51.71931710624487,51.14949110049513,51.5301628112793,82100400
2018-08-28,51.7831663768743,52.14492238496493,51.761887460591076,51.946311950683594,91107200
2018-08-29,52.0527085641898,52.8424276423776,51.8777437807323,52.721839904785156,109019200
2018-08-30,52.78566892835062,53.97024187961914,52.58469181405162,53.20653533935547,195175200
2018-08-31,53.55647918343615,54.11448247965439,53.43589505535609,53.82129669189453,173360400
2018-09-04,54.005711675140766,54.18776939590025,53.584845253725106,53.99388885498047,109560400
2018-09-05,54.14285726319419,54.30363609852174,53.22309798700196,53.641597747802734,133332000
2018-09-06,53.49027852572328,53.755096048130156,52.324621069428616,52.75021743774414,137160000
2018-09-07,52.4546669488255,53.28694031504542,52.185123173027854,52.324623107910156,150479200
2018-09-10,52.24186387354506,52.45466385736109,51.18260462853595,51.62238693237305,158066000
2018-09-11,51.54672332040395,53.03394564193792,51.203883114038426,52.927547454833984,142996000
2018-09-12,53.18527027618349,53.19945622059127,51.97941449205581,52.270240783691406,197114800
2018-09-13,52.84952340827975,53.99153884293053,52.6249042019705,53.532840728759766,166825600
2018-09-14,53.376787478992235,53.63450842198434,52.61308074363496,52.9251823425293,127997200
2018-09-17,52.525592202926,52.71474653653947,51.37175762273958,51.515987396240234,148780400
2018-09-18,51.49471436776805,52.45467215648945,51.33629862140528,51.60111618041992,126286800
2018-09-19,51.66257836751287,51.92739226002057,50.90596466904896,51.631839752197266,108495200
2018-09-20,52.073992180573526,52.55633231761007,51.81626763486653,52.02433776855469,106435200
2018-09-21,52.20167199078347,52.338808803475615,51.37648799310484,51.46397399902344,384986800
2018-09-24,51.265365127852924,52.31516476068613,51.220440562753595,52.204036712646484,110773600
2018-09-25,51.958130371548314,52.68400905547717,51.946307549786276,52.53504943847656,98217600
2018-09-26,52.25368725227918,52.90390281763559,51.960497843994546,52.11655044555664,95938800
2018-09-27,52.92044888482368,53.53992575525717,52.8542418072406,53.187625885009766,120724800
2018-09-28,53.14980117088278,53.39806601850307,52.96774340940435,53.37442398071289,91717600
2018-10-01,53.896959816847335,54.24452988828253,53.518654734943205,53.73381423950195,94403200
2018-10-02,53.7314374289486,54.38165284338032,53.58484456274216,54.2114143371582,99152800
2018-10-03,54.39349126972169,55.20212260237653,54.32965090961708,54.8711051940918,114619200
2018-10-04,54.56608177727491,54.93729743069975,53.60849100299046,53.906410217285156,128168000
2018-10-05,53.899327312763546,54.00572550581806,52.15438395852076,53.03158187866211,134322000
2018-10-08,52.53978140728469,53.15216535637329,52.06453065114557,52.90863037109375,118655600
2018-10-09,52.87789106435932,53.73617671665903,52.549236814198565,53.641597747802734,107564000
2018-10-10,53.30820910217498,53.51864231494605,51.08328925859234,51.156585693359375,167962400
2018-10-11,50.72154687603227,51.89902721215979,50.20137511528744,50.704994201660156,212497600
2018-10-12,52.11654858627355,52.698197531427574,51.27008573845108,52.516136169433594,161351600
2018-10-15,52.29151237472821,52.449928078120834,51.37175316034392,51.39303207397461,123164000
2018-10-16,51.764252977522055,52.72421066994395,51.251174194641926,52.525596618652344,116736000
2018-10-17,52.56105380461304,52.64144321335758,51.86118394400235,52.29860305786133,91541600
2018-10-18,51.51126635289086,51.9557785717102,50.362157818907235,51.07621383666992,130325200
2018-10-19,51.55853916023749,52.31515279784084,51.409579553774584,51.85409164428711,132314800
2018-10-22,51.96760007817743,52.811699985217516,51.766626486848565,52.17094039916992,115168400
2018-10-23,51.03127894622945,52.785678210129554,50.76409832307149,52.66272735595703,155071200
2018-10-24,52.63198967990546,53.01738767953561,50.726264164214655,50.85630798339844,163702000
2018-10-25,51.475796278943854,52.34353810184047,51.24881034120332,51.9699592590332,119423200
2018-10-26,51.04783130446249,52.062169603151254,50.284124580632735,51.14241027832031,189033600
2018-10-29,51.825716512907476,51.94393749911957,48.72832523102341,50.18244552612305,183742000
2018-10-30,49.924726306779235,50.87758726765469,49.48021780499368,50.43307876586914,146640000
2018-10-31,51.27953799594369,52.123633992083754,51.218060771877376,51.7476921081543,153435600
2018-11-01,51.79261274117303,52.575235061821736,51.26298144498841,52.54213333129883,233292800
2018-11-02,49.546416754757914,50.51582669093119,48.57227336106089,49.05698013305664,365314800
2018-11-05,48.30510423366641,48.32638314907276,46.85571353178706,47.664344787597656,264654800
2018-11-06,47.74236754506671,48.40440585745062,47.68798689600997,48.179786682128906,127531600
2018-11-07,48.69996440139942,49.66701142221143,48.264911939279166,49.6410026550293,133697600
2018-11-08,49.82131414178584,49.85453137063265,49.05494289170183,49.46778869628906,101450400
2018-11-09,48.7702258096886,48.879366587122874,47.98724409420614,48.51397705078125,137463200
2018-11-12,47.21613716957594,47.41781558554865,45.9799743974334,46.07013702392578,204542000
2018-11-13,45.467489952175,46.784319299258804,45.42477999680349,45.60984802246094,187531600
2018-11-14,46.006077416821554,46.14369273389911,44.11505882624037,44.32148361206055,243204000
2018-11-15,44.69873575688715,45.5481521610165,44.345206577891304,45.415283203125,185915200
2018-11-16,45.19937035516797,46.25995429565413,44.9526142307228,45.91828918457031,147713200
2018-11-19,45.08073115263296,45.24681733279806,43.89202475558644,44.098445892333984,167701200
2018-11-20,42.32130943637899,43.05683851163266,41.64272573882717,41.99150848388672,271300800
2018-11-21,42.643990470348854,42.77211665846975,41.88948326183944,41.944053649902344,124496800
2018-11-23,41.507490510580666,41.90135460850539,40.83365308403461,40.87873077392578,94496000
2018-11-26,41.34140152229291,41.50985905728153,40.39707629811021,41.43156051635742,179994000
2018-11-27,40.693662435434945,41.467155183306716,40.54418668522253,41.34140396118164,165549600
2018-11-28,41.932199377386205,43.01413640794062,41.505118017849625,42.931095123291016,184250000
2018-11-29,43.33919219005899,43.37240942608668,42.16234624717858,42.60129165649414,167080000
2018-11-30,42.77686405200895,42.78635675904082,42.003374967632006,42.37113952636719,158126000
2018-12-03,43.76626831349695,43.88015544911543,42.99515063572571,43.8516845703125,163210000
2018-12-04,42.9334627157085,43.27512777330079,41.823054898940676,41.922706604003906,165377200
2018-12-06,40.75297606435523,41.46952337319293,40.435039173164846,41.45528793334961,172393600
2018-12-07,41.16345448474832,41.40072149253783,39.93203813505562,39.97711944580078,169126400
2018-12-10,39.149052745025465,40.356740836565265,38.75281731229737,40.240482330322266,248104000
2018-12-11,40.72925271093741,40.76009495801711,39.623587659446784,40.01033401489258,189126800
2018-12-12,40.43029324768022,40.79094008262468,40.10286726659763,40.121849060058594,142510800
2018-12-13,40.451657837058576,40.94517370109351,40.22862624634583,40.56079864501953,127594400
2018-12-14,40.09812024955147,40.117102042698306,39.21548678046134,39.262939453125,162814800
2018-12-17,39.25583205591823,39.943908661901204,38.61046540084833,38.897560119628906,177151600
2018-12-18,39.239224006854776,39.74934669174223,39.00432833526614,39.40293884277344,135366000
2018-12-19,39.38632372817106,39.730360169185076,37.74680781733559,38.17388916015625,196189200
2018-12-20,38.05762401069301,38.463352159374345,36.847564525579564,37.2105827331543,259092000
2018-12-21,37.217700060216195,37.52614787017046,35.50226074249866,35.76325225830078,382978400
2018-12-24,35.151107914787005,35.95781796306272,34.780971939167266,34.83791732788086,148676800
2018-12-26,35.186695107435334,37.30548757627083,34.81181283127579,37.29125213623047,234330000
2018-12-27,36.97569172966579,37.196351942081705,35.60666362348881,37.04924392700195,212468400
2018-12-28,37.3695521467641,37.61156549819046,36.669615227461684,37.06822204589844,169165600
2018-12-31,37.61393775275985,37.810869799996105,37.12753967179389,37.42649841308594,140014000
2019-01-02,36.750292716540024,37.689871814400156,36.593695596828695,37.46921157836914,148158800
2019-01-03,34.16170203892372,34.574547927015324,33.69191438723821,33.736995697021484,365248800
2019-01-04,34.2921843605048,35.245998300901746,34.11898053927335,35.177188873291016,234428400
2019-01-07,35.28160408429917,35.31244995449789,34.61725572428317,35.098907470703125,219111200
2019-01-08,35.48565323681881,36.021878993464554,35.238897140785376,35.768001556396484,164101200
2019-01-09,35.896131517687564,36.664878086938074,35.502270953950706,36.37541198730469,180396400
2019-01-10,36.183217066092084,36.53199984154206,35.79409933557466,36.49166488647461,143122800
2019-01-11,36.27338262516767,36.467939696000656,35.948324350827995,36.133392333984375,108092800
2019-01-14,35.79173197667657,35.891383692191056,35.40498556947879,35.59005355834961,129756800
2019-01-15,35.654106540640925,36.394378285844226,35.601907520616955,36.31845474243164,114843600
2019-01-16,36.32084058076156,36.98518904726328,36.30185878224347,36.76215744018555,122278800
2019-01-17,36.58656655845522,37.407511879044904,36.363535024290115,36.980430603027344,119284800
2019-01-18,37.36954213953472,37.459704733067994,37.008895385807726,37.20820236206055,135004000
2019-01-22,37.11093991098238,37.18686348386207,36.21169577007339,36.37303924560547,121576000
2019-01-23,36.574715826308925,36.809611518898286,35.99341225378036,36.520145416259766,92522400
2019-01-24,36.56522212472766,36.6530097672651,36.00290042236398,36.230674743652344,101766000
2019-01-25,36.890275378715764,37.519035156053725,36.615048386108995,37.431243896484375,134142000
2019-01-28,36.96381515140883,37.091941326997095,36.45843902887305,37.08482360839844,104768400
2019-01-29,37.07296946155649,37.51903258864824,36.5652182166273,36.70045852661133,166348800
2019-01-30,38.73382492180851,39.42189754576404,38.01727780540658,39.20835876464844,244439200
2019-01-31,39.41241268525057,40.098114016816574,39.04464819355946,39.4907112121582,162958400
2019-02-01,39.6140911820077,40.0933678096817,39.369702895096495,39.50969314575195,130672400
2019-02-04,39.7208725954977,40.72925742817227,39.69002672443846,40.63197708129883,125982000
2019-02-05,41.013973143644144,41.54070616529914,40.89296827882337,41.32716369628906,144406400
2019-02-06,41.43868068103189,41.6569695100412,41.01160297138825,41.34140396118164,112958400
2019-02-07,40.904826038437854,41.27021921626802,40.41605663729461,40.55841827392578,126966800
2019-02-08,40.26771162677322,40.66564643059835,40.13188767381337,40.606075286865234,95280000
2019-02-11,40.75858597472105,40.79671238747757,40.32967292104731,40.372562408447266,83973600
2019-02-12,40.53221193539128,40.7466666211287,40.436895913781186,40.720455169677734,89134000
2019-02-13,40.8395916413653,41.099320945808756,40.48931303829851,40.551265716552734,89960800
2019-02-14,40.439287190333225,40.80862546752188,40.36065282411193,40.69901657104492,87342800
2019-02-15,40.80623611906368,40.91346345759115,40.44880923334926,40.60845947265625,98507200
2019-02-19,40.4392766336708,40.851507928428646,40.38685373654159,40.72998046875,75891200
2019-02-20,40.791941569049854,41.29948893444707,40.74428537587072,40.99209976196289,104457600
2019-02-21,40.93728769197398,41.07310799901791,40.579860855843705,40.760955810546875,68998800
2019-02-22,40.884871894446135,41.223235588397145,40.837215701877646,41.216087341308594,75652800
2019-02-25,41.49965649848313,41.90712122349979,41.44961512098768,41.516334533691406,87493600
2019-02-26,41.39241821936573,41.77128984933254,41.263742503117236,41.54015350341797,68280800
2019-02-27,41.2732773821219,41.699805218546146,41.15889815564964,41.668827056884766,111341600
2019-02-28,41.53777983812131,41.678366901905775,41.20417916338669,41.25898361206055,112861600
2019-03-01,41.52824051212283,41.735546954193026,41.19702505785762,41.692657470703125,103544800
2019-03-04,41.86421734557429,42.35508298576963,41.45436758783305,41.90234375,109744800
2019-03-05,41.923789316150554,41.93808580910875,41.590188724744905,41.82609176635742,78949600
2019-03-06,41.621163745570044,41.81655883042522,41.44721703446925,41.58542251586914,83241600
2019-03-07,41.43054421304361,41.566368186765395,40.989719863594985,41.104095458984375,99185600
2019-03-08,40.584637390153304,41.23992008169563,40.3892422605175,41.2017936706543,95997600
2019-03-11,41.816560802649775,42.681531325611424,41.78320110804429,42.62910842895508,128044000
2019-03-12,42.89122670675174,43.52744613325643,42.74110624977912,43.10806655883789,129870400
2019-03-13,43.42735903779865,43.67755854133484,43.11044015144397,43.29868698120117,124130000
2019-03-14,43.82053342503637,43.86819325045519,43.501232955961775,43.780025482177734,94318000
2019-03-15,44.04691801494026,44.63786291557036,43.78242191395929,44.34953689575195,156171600
2019-03-18,44.273273139252964,44.89042929325558,44.270887966592596,44.80226516723633,104879200
2019-03-19,44.88090720826174,45.03340921139079,44.30187372223758,44.447227478027344,126585600
2019-03-20,44.37573359295211,45.152543603093804,44.01830674487972,44.83562469482422,124140800
2019-03-21,45.27884496121636,46.782420346635014,45.228803590706896,46.48694610595703,204136800
2019-03-22,46.54651613890854,47.106486442351226,45.45993886884796,45.52427673339844,169630800
2019-03-25,45.63388069031745,45.74587473890536,44.46390611241121,44.97383499145508,175381200
2019-03-26,45.66962270436676,45.96033017793337,43.98256747013785,44.50917434692383,199202000
2019-03-27,44.9762271618102,45.216893346560575,44.45200166512448,44.909507751464844,119393600
2019-03-28,45.0238672363422,45.16922096451442,44.68550359481245,44.96906280517578,83121600
2019-03-29,45.233553015834644,45.29312414866339,44.92616393431561,45.26214599609375,94256000
2019-04-01,45.66485812631572,45.67438790998863,44.8880516813076,45.56954574584961,111448000
2019-04-02,45.5337998404147,46.33682135310815,45.52427005695858,46.23197555541992,91062800
2019-04-03,46.04849391519191,46.822918780518556,46.024664003423624,46.548892974853516,93087200
2019-04-04,46.41545121424215,46.79194128270273,46.02228311605566,46.62990951538086,76457200
2019-04-05,46.81100893546065,46.96589610699699,46.687099925418465,46.94206619262695,74106400
2019-04-08,46.80387003624659,47.711733961677744,46.78480682813005,47.68075942993164,103526800
2019-04-09,47.73317589155191,48.336035677504945,47.47344289751336,47.53778076171875,143072800
2019-04-10,47.34238048248308,47.833249790891394,47.22323818776864,47.80465316772461,86781200
2019-04-11,47.85945826640106,47.89519949822014,47.28519156894748,47.406715393066406,83603200
2019-04-12,47.466283877663756,47.690271947006345,46.75381536646613,47.38764953613281,111042800
2019-04-15,47.31855853470994,47.621181009035936,47.182734561059235,47.47344207763672,70146400
2019-04-16,47.528248000421726,47.98336882392176,47.313789678479274,47.478206634521484,102785600
2019-04-17,47.54730369870625,48.462319253167394,47.325700783597725,48.402748107910156,115627200
2019-04-18,48.400362590881734,48.64579541672132,48.25739402484164,48.57669448852539,96783200
2019-04-22,48.331267903197975,48.83404857594951,48.214507135311784,48.736351013183594,77758000
2019-04-23,48.712509040814076,49.50361549579041,48.586218519593615,49.43927764892578,93292000
2019-04-24,49.41069711912076,49.677574720140036,49.3368294714054,49.363040924072266,70162400
2019-04-25,49.28440764800036,49.506010596011244,48.87693935413123,48.91506576538086,74172800
2019-04-26,48.82450618641079,48.848336097417246,48.16207538289125,48.68153762817383,74596400
2019-04-29,48.70537168868094,49.079480262865886,48.576699602106366,48.75541305541992,88818800
2019-04-30,48.38606647084663,48.467082355820594,47.444843102407766,47.816566467285156,186139600
2019-05-01,50.01117140720834,51.30505499845377,49.85628424061624,50.163673400878906,259309200
2019-05-02,50.00165149195167,50.67123079556448,49.594186765096865,49.83723449707031,127985200
2019-05-03,50.251827921445944,50.47819751368422,50.09455924795819,50.45675277709961,83569600
2019-05-06,48.6791498523468,49.76334529835149,48.49090665482442,49.67756271362305,129772400
2019-05-07,49.058041478715104,49.424998214271085,47.854703353083195,48.33842086791992,155054800
2019-05-08,48.10965016805922,48.929349618462254,48.07390893920655,48.34793472290039,105358000
2019-05-09,47.75222695826382,48.057230920723306,46.8610449825507,47.8284797668457,139634400
2019-05-10,47.22330722271242,47.56536833430933,46.11101823277178,47.165897369384766,164834800
2019-05-13,44.90064286413654,45.32402809525781,43.73812012203512,44.42462921142578,229722400
2019-05-14,44.5896940858481,45.37666791392155,44.350491826259756,45.127899169921875,146118800
2019-05-15,44.556206125860285,45.86703349261073,44.49640556068087,45.668495178222656,106178800
2019-05-16,45.4268958737944,46.039252991844464,45.17094773855048,45.467559814453125,132125600
2019-05-17,44.714074297471804,45.663707510433305,44.673410353458074,45.209224700927734,131516400
2019-05-20,43.89838725228515,44.09692550943149,43.123370837032205,43.795528411865234,154449200
2019-05-21,44.30503920599439,44.970021141517655,44.18065301915265,44.63513946533203,113459200
2019-05-22,44.17107192769556,44.42223492674087,43.666355221971564,43.721370697021484,118994400
2019-05-23,43.00857057058294,43.185577921397595,42.53255672055004,42.97508239746094,146118800
2019-05-24,43.104241988346736,43.56829490792796,42.726302019305706,42.81002426147461,94858800
2019-05-28,42.79806863981353,43.19753598272842,42.55647566713429,42.633018493652344,111792800
2019-05-29,42.200055575560086,42.90091998412499,42.09959108029265,42.429691314697266,113924800
2019-05-30,42.5660389538605,42.87221753680418,42.259860370916826,42.64976119995117,84873600
2019-05-31,42.1546157237426,42.57561406192938,41.85800723995142,41.87714385986328,108174400
2019-06-03,42.003904918771,42.558852087002684,40.72895684162504,41.453739166259766,161584400
2019-06-04,41.965631262344125,43.01572869203056,41.74556569358716,42.970279693603516,123872000
2019-06-05,44.080180266448075,44.25001543111583,43.32908551905767,43.66396713256836,119093600
2019-06-06,43.79314204238784,44.36483519131341,43.570682084053516,44.30503463745117,90105200
2019-06-07,44.61361029225214,45.90769533953983,44.43660296337536,45.48430633544922,122737600
2019-06-10,45.881376473575656,46.73293577866847,45.835927468539325,46.0655632019043,104883600
2019-06-11,46.61094460560243,46.8836349896468,46.309551123217446,46.59898376464844,107731600
2019-06-12,46.39326993216043,46.87645943951271,46.25931727268128,46.450679779052734,73012800
2019-06-13,46.57267830320191,47.07261014000274,46.309558012750465,46.44111633300781,86698400
2019-06-14,45.819200005381056,46.30717107767437,45.520197138796654,46.103851318359375,75046000
2019-06-17,46.14210618535647,46.63486581817367,45.96748958898146,46.3789176940918,58676400
2019-06-18,46.89560067509566,47.90981585388891,46.69467166608227,47.46968460083008,106204000
2019-06-19,47.76390336299069,47.811746732774715,47.19699520042928,47.33094787597656,84496800
2019-06-20,47.928952089147415,47.98636194123762,47.36921971853001,47.711280822753906,86056000
2019-06-21,47.55341101332739,48.04377638657859,47.397927351110866,47.54862594604492,191202400
2019-06-24,47.49120806529403,47.87871815109603,47.40270441017317,47.50077819824219,72881600
2019-06-25,47.46489952077428,47.663437821269206,46.713804620677834,46.780784606933594,84281200
2019-06-26,47.30701479032771,48.077246079612706,47.206550315629954,47.79259490966797,104270000
2019-06-27,47.90980612080103,48.215988288918595,47.737583898017675,47.77824783325195,83598800
2019-06-28,47.52469168182497,47.72083923918838,47.1347945750101,47.342899322509766,124442400
2019-07-01,48.5987263093887,48.91447506783852,47.99593554776266,48.211219787597656,109012000
2019-07-02,48.177709019065915,48.589137035633016,48.16574818080639,48.49345397949219,67740800
2019-07-03,48.62502883489124,48.90250429660593,48.483900395720205,48.895328521728516,45448000
2019-07-05,48.6417651514746,49.05558390419779,48.53412124966637,48.85226058959961,69062000
2019-07-08,48.03419442469582,48.1753228503153,47.460110590009364,47.8452262878418,101354400
2019-07-09,47.64909499115978,48.20165169188794,47.55580624493213,48.13706970214844,82312000
2019-07-10,48.28297482406582,48.73267256467266,48.21360412874839,48.61307144165039,71588400
2019-07-11,48.632195657197634,48.89053445503686,48.249474351089496,48.25904083251953,80767200
2019-07-12,48.426498389723854,48.79726263482881,48.3666978227694,48.62982177734375,70380800
2019-07-15,48.81878382184684,49.2445635130071,48.79725649643611,49.086692810058594,67789600
2019-07-16,48.938385998971945,49.301974430162524,48.677656430195476,48.9168586730957,67467200
2019-07-17,48.80921404901501,49.057982753514956,48.62263660815599,48.64177322387695,56430000
2019-07-18,48.7972593238797,49.246960724844214,48.72549791841606,49.1943359375,74162400
2019-07-19,49.2254225596,49.39525773939744,48.40496070844038,48.45997619628906,83717200
2019-07-22,48.71353210630533,49.56987651762095,48.7039656231899,49.56748580932617,89111600
2019-07-23,49.864099833734244,49.971740110187,49.58423000504602,49.954994201660156,73420800
2019-07-24,49.67511970294401,50.02913793173765,49.55551860470898,49.91432189941406,59966400
2019-07-25,49.9669526841349,50.050674922943,49.450275001634395,49.51964569091797,55638400
2019-07-26,49.62967672847252,50.1678817358878,49.54834884778114,49.691871643066406,70475600
2019-07-29,49.864098572785444,50.385557683272346,49.85931350619357,50.155921936035156,86693600
2019-07-30,49.93585442943909,50.27073972938734,49.589011938368884,49.94063949584961,135742800
2019-07-31,51.76814131769529,52.95219151502836,50.54342718307284,50.95963668823242,277125600
2019-08-01,51.16535089156151,52.153257179746014,49.452665854213244,49.85691452026367,216071600
2019-08-02,49.163234154260714,49.37851470178692,48.23034691506533,48.802040100097656,163448400
2019-08-05,47.35965283602837,47.517523540558116,46.065567840975476,46.24736022949219,209572000
2019-08-06,46.957786951818015,47.37878519253508,46.414796893585645,47.12283706665039,143299200
2019-08-07,46.74249649475548,47.73518403134187,46.36216592386497,47.61079788208008,133457600
2019-08-08,47.888281812721345,48.684825611688794,47.694528606203654,48.66090393066406,108038000
2019-08-09,48.33435204748465,48.6849121066314,47.85172652260763,48.259918212890625,98478800
2019-08-12,47.93096696496544,48.514438725738295,47.818114477569125,48.1374626159668,89927600
2019-08-13,48.267127875565244,50.93716177711402,48.13746584722147,50.17601013183594,188874000
2019-08-14,48.7809758877121,49.568540066095935,48.644110791052725,48.68252944946289,146189600
2019-08-15,48.8530052642296,49.2563901473788,47.94298215754146,48.44001388549805,108909600
2019-08-16,49.049880924057916,49.741401862998586,48.94423148463047,49.58292770385742,110481600
2019-08-19,50.57219735243816,51.07883190639441,50.43053268655295,50.50736999511719,97654400
2019-08-20,50.634624409226056,51.22769905454453,50.50016279412302,50.509765625,107537200
2019-08-21,51.141253161466004,51.29972366781528,50.80749895306689,51.057212829589844,86141600
2019-08-22,51.189283823360064,51.48942268562583,50.60341217800857,51.01400375366211,89014800
2019-08-23,50.28645752648354,50.91555099493653,48.262323049739784,48.656105041503906,187272000
2019-08-26,49.429257136875236,49.748605248722136,49.237167578736795,49.580528259277344,104174400
2019-08-27,49.90949029926712,50.07516753420753,48.86980886104783,49.021080017089844,103493200
2019-08-28,49.0066681246404,49.39564686397116,48.81938179356974,49.35002517700195,63755200
2019-08-29,50.06315259687426,50.26004541127674,49.621349155907794,50.18560791015625,83962000
2019-08-30,50.46173050840228,50.53136108890802,49.751000310003654,50.12077331542969,84573600
2019-09-03,49.56611865080238,49.69818045135938,49.03547532102372,49.390838623046875,80092000
2019-09-04,50.036742667870506,50.29846283883695,49.77982574387522,50.22883224487305,76752400
2019-09-05,50.90354603728645,51.3765651308316,50.7858902958723,51.21088790893555,95654800
2019-09-06,51.395778829958495,51.484618759601176,51.02600570478871,51.20608901977539,77449200
2019-09-09,51.58546505309072,51.96964425782235,50.680248893016675,51.424591064453125,109237600
2019-09-10,51.3501518092004,52.05127566981013,50.833914491991756,52.032066345214844,127111600
2019-09-11,52.36102145030546,53.71524770381324,52.27938090410862,53.686431884765625,177158400
2019-09-12,53.97696341496987,54.365942133767874,53.511147403478866,53.56637191772461,128906800
2019-09-13,52.82442313058036,53.014109219748526,52.108893334040154,52.52428436279297,159053200
2019-09-16,52.27938208778277,52.855650852329696,52.238563645662204,52.80042266845703,84632400
2019-09-17,52.81482810263167,53.02132375192014,52.61313203639829,52.99250793457031,73274800
2019-09-18,53.07894858894895,53.50874942392138,52.68996985697935,53.489540100097656,101360000
2019-09-19,53.30706444018717,53.72725886871977,52.91328237942879,53.05495071411133,88242400
2019-09-20,53.15578062057358,53.439109875358426,52.21694562055294,52.27937316894531,221652400
2019-09-23,52.572318178824,52.78601688512093,52.2601730542611,52.517093658447266,76662000
2019-09-24,53.07173400225203,53.422297674096555,52.149708642166644,52.26736068725586,124763200
2019-09-25,52.47627997233017,53.18460696208919,52.1377224527618,53.071754455566406,87613600
2019-09-26,52.82442413840649,53.05012908229732,52.5434946860541,52.798011779785156,75334000
2019-09-27,52.95408716657338,53.05493702755311,52.17132649489073,52.541099548339844,101408000
2019-09-30,53.040529136604164,53.92413970007018,53.01411677472275,53.777671813964844,103909600
2019-10-01,54.04179249498683,54.79814079095974,53.832893402806675,53.926536560058594,139223200
2019-10-02,53.55917937969037,53.68403817289297,52.32740831027184,52.57472610473633,138449200
2019-10-03,52.44745522730388,53.054939558377036,51.65509168829448,53.021324157714844,114426000
2019-10-04,54.17865934180888,54.622866267592265,53.7584649875072,54.50761032104492,138478800
2019-10-07,54.32992905331613,55.20873272385884,54.2266793952243,54.519615173339844,122306000
2019-10-08,54.22187750074084,54.75972389234403,53.86411072762326,53.880916595458984,111820000
2019-10-09,54.51241683959961,54.6948999368784,54.17866259327657,54.51241683959961,74770400
2019-10-10,54.728521012309976,55.33120221536916,54.57725351139381,55.247161865234375,113013600
2019-10-11,55.93386847365883,57.059989886560345,55.78019754791175,56.71663284301758,166795600
2019-10-14,56.402082686698684,57.17764399561088,56.34685817252537,56.63499069213867,96427600
2019-10-15,56.75986191418055,57.06240057658288,56.39729547769647,56.50294494628906,87360000
2019-10-16,56.034714997954104,56.48372515630135,55.99389655879597,56.27482604980469,73903200
2019-10-17,56.44770259671815,56.70221970877233,56.07073017522385,56.493324279785156,67585200
2019-10-18,56.32765975363138,57.04559323208137,56.255625693832314,56.76466369628906,97433600
2019-10-21,57.0311814328969,57.864367125177715,56.9831599524487,57.74911117553711,87247200
2019-10-22,57.905178869368726,58.15489273709962,57.535405818697356,57.61704635620117,82293600
2019-10-23,58.130888664552984,58.40461512439032,57.91958976088768,58.39020538330078,75828800
2019-10-24,58.70956101444865,58.77919528194411,58.06126180732885,58.48625946044922,69275200
2019-10-25,58.38540931615225,59.242603940499954,58.31817850890162,59.20658874511719,73477200
2019-10-28,59.408277532037836,59.84768120784419,59.24020052419486,59.799659729003906,96572800
2019-10-29,59.78045888467337,59.967745243380165,58.24374936097542,58.4166259765625,142839600
2019-10-30,58.769586633499244,58.89924866845541,57.91719523037346,58.409420013427734,124522000
2019-10-31,59.36506765293137,59.82848030145837,56.968756318935924,59.73003387451172,139162000
2019-11-01,59.91731576023175,61.45162537567779,59.826076043549875,61.42521667480469,151125200
2019-11-04,61.78776829370831,61.912630719316276,61.31955618049986,61.828590393066406,103272000
2019-11-05,61.72053692271421,61.99426701235729,61.54526056164069,61.739749908447266,79897600
2019-11-06,61.65331038805769,61.826190633565766,61.31715639057186,61.76616287231445,75864400
2019-11-07,62.31285597676723,62.70059923548496,62.161130673338896,62.47903060913086,94940400
2019-11-08,62.30081136770355,62.72226723714008,61.85768150693457,62.650020599365234,69986400
2019-11-11,62.206868007587815,63.2111401219824,62.20205401612884,63.1461181640625,81821200
2019-11-12,62.989594960966514,63.28823158323448,62.83787700281728,63.08833694458008,87388800
2019-11-13,62.888439963309075,63.76747499464725,62.873990636188424,63.69281768798828,102734400
2019-11-14,63.51942564466405,63.79156691909785,63.122054404391484,63.252105712890625,89182800
2019-11-15,63.50255217696832,64.0083006253325,63.34119892343502,64.00348663330078,100206400
2019-11-18,64.01313169523063,64.40568896392628,63.635031105699284,64.32621765136719,86703200
2019-11-19,64.51886989658281,64.54295455850364,63.914386775129536,64.13113403320312,76167200
2019-11-20,63.95051616700854,64.08056012443966,62.71263645285633,63.384559631347656,106234400
2019-11-21,63.504983523819924,63.58205151905622,62.900492919948576,63.10038757324219,121395200
2019-11-22,63.240067666749475,63.382157650570974,62.81861170894366,63.04499435424805,65325200
2019-11-25,63.26896005744073,64.1672658843364,63.22320139858819,64.15040588378906,84020400
2019-11-26,64.28767826489613,64.34066158536174,63.21838386975903,63.64947509765625,105207600
2019-11-27,63.96015765000588,64.538160314546,63.89513565756925,64.50444030761719,65235600
2019-11-29,64.20577308333193,64.54293620552941,64.03718784743079,64.36231231689453,46617600
2019-12-02,64.3671478434843,64.60316578278984,63.44717544860708,63.6181640625,94487200
2019-12-03,62.20928904177194,62.50310426103313,61.722811237581595,62.48384094238281,114430400
2019-12-04,62.873993707598274,63.41345487874028,62.78006572711878,63.03534698486328,67181600
2019-12-05,63.52905636870785,64.03480488761794,63.2737751129012,63.960140228271484,74424400
2019-12-06,64.41773515061479,65.26546100190234,64.37437981221761,65.19561767578125,106075600
2019-12-09,65.02463432244109,65.2172969657752,63.798800431426635,64.28287506103516,128042400
2019-12-10,64.68746036332061,65.04148360806178,64.02757585193183,64.65856170654297,90420400
2019-12-11,64.73802401273718,65.28953113493121,64.6633667099047,65.21005249023438,78756800
2019-12-12,64.48996114027678,65.64113724354316,64.3791805323222,65.376220703125,137310400
2019-12-13,65.37623737672222,66.30103115854632,65.2485967405498,66.26490783691406,133587600
2019-12-16,66.71044750574998,67.62320261796066,66.70563351279964,67.39922332763672,128186000
2019-12-17,67.32938692874545,67.85921278461262,67.14394163202556,67.53168487548828,114158400
2019-12-18,67.38477250929151,67.89052104298418,67.22100855730946,67.37032318115234,116028400
2019-12-19,67.31251420192149,67.71711001890772,67.18005960040058,67.437744140625,98369200
2019-12-20,67.96999593464518,68.07114122602003,67.08613954782287,67.2980728149414,275978000
2019-12-23,67.5605836287108,68.45647873677,67.52204963647512,68.39627075195312,98572000
2019-12-24,68.56244109414793,68.61061041883474,68.13617123413715,68.46128845214844,48478800
2019-12-26,68.59378401244707,69.83647823195555,68.56488534332536,69.81961822509766,93121200
2019-12-27,70.11099073385043,70.79736320865955,69.38849493923185,69.7930908203125,146266000
2019-12-30,69.71120040665178,70.48909009721564,68.69007549241081,70.20731353759766,144114400
2019-12-31,69.8243961101836,70.72751580123949,69.72565414200866,70.72029113769531,100805600
2020-01-02,71.34403937841115,72.39407027941263,71.09116882440814,72.3338623046875,135480400
2020-01-03,71.56322834377139,72.38928035156616,71.40668901147588,71.63066101074219,146322800
2020-01-06,70.75401351048198,72.23994237629597,70.50354624985978,72.20140838623047,118387200
2020-01-07,72.21105649751387,72.46633779595872,71.6426965801033,71.86185455322266,108872000
2020-01-08,71.56561372170107,73.31886979288494,71.56561372170107,73.01782989501953,132079200
2020-01-09,73.9932175310026,74.76147215954668,73.74275755557424,74.56880950927734,170108400
2020-01-10,74.80238740809561,75.30091119032697,74.23643098983341,74.73735809326172,140644800
2020-01-13,75.05287082554342,76.36058652225458,74.93485817482635,76.33409118652344,121532000
2020-01-14,76.27148630079421,76.48100893453174,75.18051779267843,75.30333709716797,161954400
2020-01-15,75.10344034713454,75.98247543934815,74.54952248725758,74.9806137084961,121923600
2020-01-16,75.52248200660513,76.03064118697364,75.16123412136378,75.91985321044922,108829200
2020-01-17,76.16791647174253,76.76277166888072,75.86206254796348,76.76036834716797,137816400
2020-01-21,76.38947268651397,76.83019183971173,76.1028821310267,76.24015808105469,110843200
2020-01-22,76.72425508723063,77.06382908812623,76.41840109404252,76.5123291015625,101832400
2020-01-23,76.56529382668359,76.96025438766408,76.01860061750638,76.88078308105469,104472000
2020-01-24,77.1264324079885,77.86819158420508,76.46895853504518,76.65921783447266,146537600
2020-01-27,74.67234156024762,75.08416206919466,73.42483402812097,74.40502166748047,161940000
2020-01-28,75.28406170066347,76.68088393464757,75.18531972883665,76.50989532470703,162234000
2020-01-29,78.13793027321145,78.95675744540253,77.39857441186852,78.11143493652344,216229200
2020-01-30,77.19626294921763,78.05121329496869,76.76517176985938,77.99822998046875,126743200
2020-01-31,77.29019858022654,77.71165450707113,74.24608645041388,74.53990173339844,199588400
2020-02-03,73.285136141255,75.49838164593486,72.78420907837199,74.33516693115234,173788400
2020-02-04,75.93670624597806,76.97951249486786,75.53211041551288,76.78925323486328,136616400
2020-02-05,77.91394467954083,78.21258127557842,76.81334832632962,77.4154281616211,118826800
2020-02-06,77.68516086755363,78.3233640404218,77.12883967256218,78.32095336914062,105425600
2020-02-07,77.82123854389138,78.06988383321008,76.76630651671353,77.25635528564453,117684000
2020-02-10,75.8441484328751,77.623291015625,75.7644885208781,77.623291015625,109348800
2020-02-11,78.11817322586252,78.19059132825674,76.93770658748598,77.15496826171875,94323200
2020-02-12,77.60397618630914,78.99204618157108,77.60397618630914,78.98722076416016,113730400
2020-02-13,78.2605910618148,78.75063980830953,78.05781303227035,78.42474365234375,94747600
2020-02-14,78.3933688702963,78.69271421468866,77.93712009409066,78.4440689086914,80113600
2020-02-18,76.12900107799734,77.1887659353896,75.94794846047884,77.0077133178711,152531200
2020-02-19,77.24911404532844,78.3523297233802,77.24911404532844,78.12299346923828,93984000
2020-02-20,77.8840228178166,78.37165530100644,76.81701596336808,77.32154846191406,100566000
2020-02-21,76.91595360573281,77.3577259732465,74.95575908786314,75.57133483886719,129554000
2020-02-24,71.75959476642028,73.43010258149737,69.82112528029087,71.98168182373047,222195200
2020-02-25,72.6503953158895,73.03180965186876,69.07279323243056,69.54352569580078,230673600
2020-02-26,69.16934036398257,71.90927139616765,69.16209855410392,70.646728515625,198054800
2020-02-27,67.85851360418104,69.0413890764873,65.89348591735909,66.02867126464844,320605600
2020-02-28,62.10347552395671,67.20915879544067,61.88862284247871,65.99006652832031,426510000
2020-03-02,68.14339616645945,72.76868922917748,67.0425965295844,72.13379669189453,341397200
2020-03-03,73.30702283331924,73.3866827671886,68.99313499680584,69.84288024902344,319475600
2020-03-04,71.5616724101691,73.24183913660247,70.76262721041282,73.08251190185547,219178400
2020-03-05,71.33955724756618,72.31241302487865,70.34739243241086,70.7119140625,187572800
2020-03-06,68.07579869358199,70.20497969740977,67.88992061879122,69.77286529541016,226176800
2020-03-09,63.67016438238683,67.13188921300795,63.48911178224734,64.25436401367188,286744800
2020-03-10,66.90256079781972,69.14761010810192,65.02685113261988,68.88206481933594,285290000
2020-03-11,66.96293286366341,67.8875051992336,65.62796418784407,66.48977661132812,255598800
2020-03-12,61.78481034349421,65.17894285229022,59.86806602728879,59.923587799072266,418474000
2020-03-13,63.94538103600016,67.57367559511492,61.06301877546382,67.10293579101562,370732000
2020-03-16,58.40757346412376,62.54281272853614,57.93683739697829,58.470340728759766,322423600
2020-03-17,59.749787528944104,62.187961018540406,57.55060118117008,61.041297912597656,324056000
2020-03-18,57.88131450093201,60.350871115595204,57.24159305699179,59.5469970703125,300233600
2020-03-19,59.72081110917334,61.036459434063396,58.566902685612334,59.09074783325195,271857200
2020-03-20,59.67011594836406,60.79264444451166,55.03999854094989,55.33934020996094,401693200
2020-03-23,55.05931643178171,55.16070547027294,51.32480360482342,54.1637077331543,336752800
2020-03-24,57.05813231967632,59.79323446043245,56.56084169108887,59.59769821166992,287531200
2020-03-25,60.53192941719469,62.34245572079971,58.974877532799404,59.26939010620117,303602000
2020-03-26,59.51078437689467,62.44624776872447,59.47215893769996,62.38831329345703,252087200
2020-03-27,61.014739603264104,61.76791740598874,59.638740277699725,59.8053092956543,204216800
2020-03-30,60.529517371062305,61.68342585318123,60.206033868463194,61.512027740478516,167976400
2020-03-31,61.70274302705608,63.3660094986333,60.8336888557072,61.38650131225586,197002000
2020-04-01,59.505973395261975,60.04188955581618,57.726830460711994,58.15652847290039,176218400
2020-04-02,58.01891951220774,59.18006982201146,57.188490836952404,59.12696075439453,165934000
2020-04-03,58.61277624472143,59.31284498948773,57.68820030765842,58.277225494384766,129880000
2020-04-06,60.568117103141404,63.51565082282991,60.20118655385829,63.36115646362305,201820400
2020-04-07,65.3720644929947,65.58933353543772,62.52350615550967,62.6273078918457,202887200
2020-04-08,63.4263318411564,64.54403084792533,63.06181768868783,64.23020935058594,168895200
2020-04-09,64.86510443692977,65.19582595653276,63.899490719175986,64.6937026977539,161834800
2020-04-13,64.77096719479518,66.07213548949194,64.17228391165321,65.9635009765625,131022800
2020-04-14,67.59298426311395,69.58456326372355,67.12224446160415,69.29487609863281,194994800
2020-04-15,68.17234288135833,69.1210568119712,67.74506136385055,68.66239166259766,131154400
2020-04-16,69.37453866907585,69.57249130619873,68.16027936470277,69.20796966552734,157125200
2020-04-17,68.72516178272222,69.27073604048029,66.83496828577375,68.26890563964844,215250000
2020-04-20,67.09810395402242,67.99853426971617,66.83255863780644,66.85186767578125,130015200
2020-04-21,66.69494058852548,66.92910221467082,64.07571185080862,64.78543853759766,180991600
2020-04-22,66.05041994300701,67.08604320648949,65.7100474299754,66.65151977539062,116862400
2020-04-23,66.59598178954948,68.01543553598502,66.35457829164004,66.39320373535156,124814400
2020-04-24,66.91704122865521,68.31959472449138,66.86875759043463,68.3099365234375,126161200
2020-04-27,68.02749402346188,68.68894453234053,67.58090350335026,68.35822296142578,117087600
2020-04-28,68.81932145434843,69.00037411858965,67.15847120269908,67.25019836425781,112004800
2020-04-29,68.73481211774124,69.92734583940624,68.53203408860236,69.45902252197266,137280800
2020-04-30,69.99736587702316,71.10058178322025,69.60870972779222,70.92435455322266,183064000
2020-05-01,69.1017567929507,72.17965163700352,69.00519685948858,69.78251647949219,240616800
2020-05-04,69.80666911806027,70.89781053260225,69.11866751411011,70.76986694335938,133568000
2020-05-05,71.2285300116976,72.66246767070962,71.08368641004002,71.83203887939453,147751200
2020-05-06,72.53209353947886,73.20319497472518,72.14826285856589,72.57313537597656,142333600
2020-05-07,73.19837876119128,73.66911859215423,72.89662434827942,73.32390594482422,115215200
2020-05-08,73.98231154076618,75.122398042806,73.65553308459083,75.06914520263672,133838400
2020-05-11,74.57776663572473,76.74417245398942,74.36959376483475,76.25038146972656,145946400
2020-05-12,76.93295343320654,77.38318317958411,75.25792355724299,75.37895202636719,162301200
2020-05-13,75.55807493186354,76.47789576756719,73.39408522317618,74.46881866455078,200622400
2020-05-14,73.70877656980059,74.98683718466037,72.98744407851115,74.92632293701172,158929200
2020-05-15,72.70180190645536,74.52932881095421,72.66791038979864,74.48333740234375,166348400
2020-05-18,75.80499689236754,76.61104348348049,75.11513293810333,76.23827362060547,135178400
2020-05-19,76.25520568719914,77.09998213452099,75.76625327530091,75.79772186279297,101729600
2020-05-20,76.6545857322091,77.34202651721908,76.61585573751951,77.27183532714844,111504800
2020-05-21,77.1338698714014,77.67365953830173,76.45852890117943,76.69574737548828,102688800
2020-05-22,76.43432078527125,77.27184315466477,76.33266100253039,77.18954467773438,81803200
2020-05-26,78.30544078691085,78.4845606060167,76.61104175906425,76.66671752929688,125522000
2020-05-27,76.52389490649263,77.1459757123096,75.7856167074525,77.00074005126953,112945200
2020-05-28,76.6763980387844,78.29092158030248,76.40045688271769,77.0346450805664,133560800
2020-05-29,77.27668110998019,77.73658783652532,76.60376308600569,76.95958709716797,153532400
2020-06-01,76.91358626954592,78.02704957806893,76.78287346449119,77.90602111816406,80791200
2020-06-02,77.63977407114822,78.29090791932163,77.19922860751555,78.2667007446289,87642800
2020-06-03,78.58620379313693,78.95897353375568,78.01494559700772,78.69754791259766,104491200
2020-06-04,78.52087329742372,78.81859867793425,77.64704369151033,78.01981353759766,87560400
2020-06-05,78.26911957554665,80.30239656428226,78.24007392223491,80.24188232421875,137250400
2020-06-08,79.93931540745123,80.75020774515244,79.23009024878114,80.71631622314453,95654400
2020-06-09,80.3968056767083,83.65730597576551,80.36533708864444,83.26517486572266,147712400
2020-06-10,84.21161714524366,85.87454732273147,83.77349462695621,85.40737915039062,166651600
2020-06-11,84.55289936035253,84.97649895645569,81.20525551685317,81.30691528320312,201662400
2020-06-12,83.44188410385023,84.18741636682982,80.90028576320306,82.00890350341797,200146000
2020-06-15,80.66547714891838,83.67424321088224,80.5032957450343,83.02310943603516,138808800
2020-06-16,85.0733221942709,85.49450625406323,83.44186093342775,85.22339630126953,165428800
2020-06-17,85.96653487900272,86.02704912393895,84.98378413219785,85.10481262207031,114406400
2020-06-18,85.06125763268233,85.55505601805591,84.53115217198582,85.13871765136719,96820400
2020-06-19,85.8430918789263,86.30783714893171,83.54596609025744,84.65216827392578,264476000
2020-06-22,85.0443003318489,87.00980187063504,84.99830891368086,86.86698913574219,135445200
2020-06-23,88.10871902854637,90.13715720348478,87.68995789692363,88.72112274169922,212155600
2020-06-24,88.35079901624333,89.26819705246864,86.78226710315806,87.15503692626953,192623200
2020-06-25,87.3099530977363,88.35079512662277,86.55231359048508,88.31206512451172,137522400
2020-06-26,88.20799170182455,88.42826445687878,85.45095894340278,85.59861755371094,205256800
2020-06-29,85.50662726415537,87.6657787527797,85.02977472321102,87.57137298583984,130646000
2020-06-30,87.15987418081895,88.58801627360432,87.14051287267962,88.30238342285156,140223200
2020-07-01,88.37985592496987,88.92206127344404,88.08696900587378,88.1353759765625,110737200
2020-07-02,89.04067423366814,89.67486242954287,88.02161627129679,88.1353759765625,114041600
2020-07-06,89.56109809240039,90.96018738333704,89.52962949763806,90.4930191040039,118655600
2020-07-07,90.87062990973762,91.64763090247186,90.10089033237493,90.21223449707031,112424400
2020-07-08,91.18769953716944,92.34473152661032,91.10055518911935,92.31326293945312,117092000
2020-07-09,93.20405713951583,93.25730998199144,91.6645779630297,92.71026611328125,125642800
2020-07-10,92.30602397781523,92.93053523193312,91.6960429410668,92.8724365234375,90257200
2020-07-13,94.1746987408597,96.7792345052281,92.23098126624099,92.4439926147461,191649200
2020-07-14,91.82673375082925,94.16500509879575,90.89482027358295,93.97378540039062,170989200
2020-07-15,95.84488685944433,96.09420527190387,93.42431687945134,94.62007904052734,153198000
2020-07-16,93.49451003316076,94.31024088700049,92.85789898357274,93.45578002929688,110577600
2020-07-17,93.90600170117715,94.06091431617955,92.79495374103925,93.2669677734375,92186800
2020-07-20,93.35411815070974,95.37044953138843,93.01039399095433,95.23247528076172,90318000
2020-07-21,96.02158177786353,96.09661884897764,93.66878769091768,93.91810607910156,103433200
2020-07-22,93.62038702393836,94.86214066616996,93.53325004616464,94.18196105957031,89001600
2020-07-23,93.91568143989768,93.99314144318696,89.08664931990235,89.8951187133789,197004400
2020-07-24,88.0966309470678,90.016140810345,86.31266499943915,89.67241668701172,185438800
2020-07-27,90.73264205708286,91.88967418415685,90.50995376100627,91.79769134521484,121214000
2020-07-28,91.36926803254836,91.54597232497112,90.28484987143669,90.2896957397461,103625600
2020-07-29,90.77137079362801,92.20435141750036,90.73506372270917,92.0203857421875,90329200
2020-07-30,91.19494882678332,93.23790991700753,90.7882949552578,93.13382720947266,158130000
2020-07-31,99.61614157613516,103.03398529349649,97.6215868383854,102.8839111328125,374336800
2020-08-03,104.76226254133908,108.09054616095987,104.4645371706777,105.47633361816406,308151200
2020-08-04,105.66514250286653,107.26998160372126,104.9438099795325,106.18072509765625,173071600
2020-08-05,105.90233336993235,106.88508394782573,105.43758079842524,106.56556701660156,121776800
2020-08-06,106.89718739322298,110.77735994512233,106.30899078686637,110.28356170654297,202428800
2020-08-07,109.80587577731004,110.26176460572711,106.98082882286342,107.77620697021484,198045600
2020-08-10,109.21903076531765,110.35875275642206,106.69710077257369,109.34270477294922,212403600
2020-08-11,108.60794103965802,109.10504953060087,105.83138875527999,106.09085845947266,187902400
2020-08-12,107.17965891895842,109.87376452711321,106.98566715289093,109.6167221069336,165598000
2020-08-13,110.99406946976315,112.55815472074357,110.50665541102485,111.55665588378906,210082000
2020-08-14,111.38208775805406,111.54698151987802,109.65068105796512,111.45726013183594,165565200
2020-08-17,112.57757328432733,112.60182410704658,110.54062998121614,111.166259765625,119561600
2020-08-18,110.91890789561272,112.51693852673742,110.58426581680665,112.09257507324219,105633600
2020-08-19,112.49995954797271,113.64452867430332,112.13864675565405,112.23321533203125,145538000
2020-08-20,112.27442551192091,114.83758209935819,112.25744920067191,114.7236099243164,126907200
2020-08-21,115.6814742972318,121.11817961837231,115.6693525872738,120.6356201171875,338054800
2020-08-24,124.83318239328597,124.91806397068724,120.2161130032418,122.07846069335938,345937600
2020-08-25,120.95328347307442,121.42129395286675,119.35767277780953,121.07695007324219,211495600
2020-08-26,122.39126546065715,123.17936898693925,121.32671591454528,122.72348022460938,163022400
2020-08-27,123.3248539361891,123.65706866628963,120.114236711753,121.25638580322266,155552400
2020-08-28,122.22881026536905,122.64589926041506,120.83690034715939,121.05999755859375,187630000
2020-08-31,123.74922926791106,127.06653708598974,122.2166692582802,125.1653823852539,225702700
2020-09-01,128.7737011544299,130.75245576113278,126.61066398001222,130.15106201171875,151948100
2020-09-02,133.45869988967056,133.83698910317142,123.18668026100194,127.45455932617188,200119000
2020-09-03,123.09934328509381,124.97138507910603,116.88180945410002,117.25039672851562,257599600
2020-09-04,116.46474218511382,119.98574406174012,107.56038329847304,117.32801818847656,332607200
2020-09-08,110.52848630276392,115.41715402612338,109.29662311428591,109.43241882324219,231366600
2020-09-09,113.7391214492864,115.56266939432574,111.799173992742,113.79731750488281,176940500
2020-09-10,116.74602745349068,116.88182317054356,109.12203408038299,110.08230590820312,182274400
2020-09-11,111.1298475350325,111.77003350464189,106.69706957680837,108.63701629638672,180860300
2020-09-14,111.27536620520715,112.4490333059739,109.41301877590674,111.89614868164062,140150100
2020-09-15,114.77697452888815,115.26196131479541,110.19869808587379,112.07074737548828,184642000
2020-09-16,111.77005407703663,112.51693044540818,108.67583612168845,108.76313018798828,154679000
2020-09-17,106.42550707639862,108.83103751673956,105.44583164529507,107.02688598632812,178011000
2020-09-18,107.08509211161683,107.5506753180143,102.9045006607274,103.6319808959961,287104900
2020-09-21,101.4010416835348,106.88139403880808,100.00427732246104,106.77469635009766,195713800
2020-09-22,109.29663858587081,109.47123415071694,105.88233436259476,108.4527587890625,183055400
2020-09-23,108.2684611226227,108.74374613747926,103.56408301527631,103.90357971191406,150718700
2020-09-24,102.01214274645399,106.93961142539536,101.847248976567,104.97056579589844,167743300
2020-09-25,105.17423363698332,109.06382969318265,104.43705165768294,108.90863037109375,149981400
2020-09-28,111.55670325552668,111.85739280436277,109.39365814529708,111.5082015991211,137672400
2020-09-29,111.1104781178147,111.84765272079834,110.15990073985728,110.6642837524414,99382200
2020-09-30,110.37329066576835,113.73910005377913,110.20839693905525,112.33263397216797,142675200
2020-10-01,114.10769446919807,114.18529413378772,112.35204460964711,113.28321838378906,116120400
2020-10-02,109.50031753591523,111.90585528542881,108.85043700934379,109.62641143798828,144712000
2020-10-05,110.48968711564349,113.14741248595817,110.14049605673375,113.00191497802734,106243800
2020-10-06,112.22594886007512,112.63334341918222,108.87954271233731,109.76222229003906,161498200
2020-10-07,111.17839334850785,112.08046922763401,110.70310088509402,111.62458038330078,96849000
2020-10-08,112.75944080327828,112.90493833599005,111.14928093514196,111.51787567138672,83477200
2020-10-09,111.81855175000258,113.48690747123634,111.46936067345082,113.45780944824219,100506900
2020-10-12,116.45503667336371,121.42130453731181,115.6984583933761,120.66472625732422,240226800
2020-10-13,121.50860234126793,121.62500184957032,116.05735487456657,117.46381378173828,262330500
2020-10-14,117.36680433445795,119.33584953717633,116.02824344500344,117.55110168457031,150712000
2020-10-15,115.15527240046332,117.56080289760202,114.60238771843201,117.08551788330078,112559200
2020-10-16,117.63838547908625,117.90028246955836,115.24254973816036,115.44624328613281,115393800
2020-10-19,116.35803418573154,116.80422116143153,112.18715207359088,112.49754333496094,120639300
2020-10-20,112.71092747344602,115.40746025257594,112.15804282671203,113.98159790039062,124423700
2020-10-21,113.16682541230045,115.14557257156684,112.9534300225298,113.36082458496094,89946000
2020-10-22,113.92340448698165,114.49569279996962,111.14927920105526,112.27445220947266,101988000
2020-10-23,112.89522488264528,113.05042420827988,110.84858002778377,111.58576202392578,82572600
2020-10-26,110.58671585421544,113.05045021305911,109.49064071564872,111.59548950195312,111850700
2020-10-27,112.02225141814819,113.75850508779021,111.10077943831497,113.09892272949219,92276800
2020-10-28,111.59546536731106,111.96405267029793,107.76406521649079,107.8610610961914,143937800
2020-10-29,108.99594897135509,113.41902674173545,108.83104781563942,111.85736846923828,146129200
2020-10-30,107.72527832227131,108.6273541724171,104.4855696692542,105.59133911132812,190272600
2020-11-02,105.83382320217856,107.35668150297613,104.09756951905206,105.5040283203125,122866900
2020-11-03,106.36730788899447,108.14235394209176,105.46523215040254,107.12388610839844,107624400
2020-11-04,110.71279021468385,112.11924902667879,108.97653651830575,111.49846649169922,138235500
2020-11-05,114.40839736997158,116.0282591074031,113.3608313760952,115.45597076416016,126387100
2020-11-06,114.96528648231298,115.82033327578648,112.83737692583377,115.32479858398438,114457900
2020-11-09,117.08345719402648,118.53120907039039,112.75963124213385,113.02197265625,154515300
2020-11-10,112.27381767890381,114.25597110360664,110.89407325748324,112.6819076538086,138023400
2020-11-11,113.86734286251138,116.23815709626824,113.13860742972919,116.10212707519531,112295000
2020-11-12,116.22843412444456,117.11262917137141,115.2082016572188,115.8300552368164,103162300
2020-11-13,116.0535360017511,116.27701069114,114.52805029862242,115.8786392211914,81581900
2020-11-16,115.54825966136949,117.55956865833653,114.80009473182567,116.8891372680664,91183000
2020-11-17,116.16041857776305,117.24865863043144,115.58714291023577,116.00495147705078,74271000
2020-11-18,115.24705160870013,116.42274359265693,114.65434634387621,114.6834945678711,76322100
2020-11-19,114.25599727436983,115.68431992677777,113.49811360078527,115.27622985839844,74113000
2020-11-20,115.27621337018954,115.40252482669361,113.96449124482857,114.01306915283203,73604300
2020-11-23,113.85759556092404,114.28512261237464,110.52484606012634,110.62200927734375,127959300
2020-11-24,110.68030932430327,112.56529939521855,109.39772821414678,111.90457916259766,113874200
2020-11-25,112.27380983588145,113.43978322932423,111.90457924459807,112.74019622802734,76499200
2020-11-27,113.26487971081116,114.158793086573,112.9248047758015,113.28430938720703,46691300
2020-11-30,113.6535707986605,117.5401594833683,113.49810369299398,115.67459869384766,169410200
2020-12-01,117.57903133531022,119.96928259001577,116.60738412219025,119.24054718017578,127728200
2020-12-02,118.56035832864589,119.87208764992158,117.46239993689542,119.5903091430664,89004200
2020-12-03,120.01785729073868,120.270487635051,118.74500184780301,119.45430755615234,78967600
2020-12-04,119.12393425897255,119.3765645833526,118.07455360054387,118.78385925292969,78260400
2020-12-07,118.84215876062711,121.038083362331,118.7838623046875,120.2413330078125,86712000
2020-12-08,120.84375871454999,121.43646406909802,119.60004413555974,120.85346984863281,82225500
2020-12-09,120.99921619827668,122.37895334699282,117.56930300737729,118.32718658447266,115089200
2020-12-10,117.08345517108472,120.35790799685957,116.74338022789215,119.74576568603516,81312200
2020-12-11,118.95875310526962,119.27939842297663,117.13205925122674,118.93932342529297,86939800
2020-12-14,119.12393693642923,119.85267228564851,118.09399334838469,118.32718658447266,79184500
2020-12-15,120.81460252887871,124.27367140820184,120.61055751786674,124.25423431396484,157243700
2020-12-16,123.79757294273104,124.73034594931227,122.97166689471923,124.18622589111328,98208600
2020-12-17,125.24531371153455,125.90604149372504,124.40969655609783,125.05098724365234,94359800
2020-12-18,125.3036238225863,125.43965383144652,122.54414204339464,123.06883239746094,192541500
2020-12-21,121.4752982424318,124.67201759263763,119.94981282977581,124.59428405761719,121251600
2020-12-22,127.87844404273568,130.59905822032985,125.97400967057341,128.1407928466797,168904800
2020-12-23,128.4128836440795,128.67521768491736,127.07200590849821,127.24691009521484,88223700
2020-12-24,127.59672197110412,129.67604646021374,127.38295839338778,128.22828674316406,54930100
2020-12-28,130.1910087492954,133.44601785068772,129.72460743607215,132.814453125,124486200
2020-12-29,134.13588116304936,134.85489050709643,130.53106400488656,131.04603576660156,121047300
2020-12-30,131.735898609551,132.13427742745725,129.6177004950943,129.9286346435547,96452100
2020-12-31,130.27844532518537,130.91973597132423,127.98535756948488,128.9278564453125,99116600
2021-01-04,129.7343224533574,129.82176713240116,123.16598610776015,125.74085235595703,143301900
2021-01-05,125.235554222534,128.00475350565583,124.78859017543921,127.29544067382812,97664900
2021-01-06,124.0987683518539,127.33435496235823,122.7967573877346,123.0105209350586,155088000
2021-01-07,124.72059417067166,127.89788362114454,124.23477073043473,127.2080078125,109578200
2021-01-08,128.67521556411702,128.86955684085643,126.53759495540402,128.30599975585938,105158200
2021-01-11,125.5271038877366,126.47931399049689,124.85666494889938,125.32305145263672,100384500
2021-01-12,124.85662004561762,126.0128821676411,123.26311980695318,125.14811706542969,91951100
2021-01-13,125.10925086160563,127.72298342309901,124.84691687059603,127.17886352539062,88636800
2021-01-14,127.09144788764522,127.28577434890036,125.1092794348303,125.25503540039062,90221800
2021-01-15,125.12871800814145,126.52789226757409,123.39918727805356,123.53521728515625,111598500
2021-01-19,124.15706500945309,125.0607045202907,123.34088500532488,124.20565032958984,90757300
2021-01-20,125.0121142129877,128.73352422939956,124.90523244341398,128.28656005859375,104319500
2021-01-21,130.00637029637122,135.70993338633443,129.80231790485385,132.98931884765625,120150900
2021-01-22,132.41609459613093,135.88488261922302,131.19182431947797,135.1269989013672,114459400
2021-01-25,139.0135690829673,140.97628571065687,132.6686993609781,138.86781311035156,157611700
2021-01-26,139.52847909019215,140.20862884927783,137.3616961650404,139.1009521484375,98390600
2021-01-27,139.3633171255217,140.208660067174,136.42895396495652,138.03216552734375,140843800
2021-01-28,135.56422012291074,137.9641898687069,132.82416793009364,133.20310974121094,142621100
2021-01-29,131.9788209864335,132.86302336292994,126.51816929301403,128.2185516357422,177523800
2021-02-01,129.9577892114423,131.54157860190338,127.21773749244758,130.33673095703125,106239800
2021-02-02,131.88162209144176,132.44517904055598,130.7933823696511,131.16261291503906,83305400
2021-02-03,131.9108466256723,131.92057258848567,129.82181063126527,130.1424560546875,89880900
2021-02-04,132.43552171463995,133.50432478243863,130.7739984115147,133.49461364746094,84183100
2021-02-05,133.6551792335879,133.7232884555335,132.20525610000038,133.08103942871094,75693800
2021-02-08,132.3706427004726,133.2756324021585,131.29050232328603,133.2269744873047,71297200
2021-02-09,132.94481795724369,134.17093254443628,132.1955422076444,132.35122680664062,76774200
2021-02-10,132.80855342312873,133.3048434386966,130.78450562896475,131.7478790283203,73046600
2021-02-11,132.24416393424985,132.72098784651604,130.17147291387968,131.49488830566406,64280000
2021-02-12,130.7358433658653,131.88409294253404,130.09359452723146,131.7283935546875,60145100
2021-02-16,131.84518629017936,132.35118706954955,129.2178071626484,129.6070556640625,80576300
2021-02-17,127.71924852152779,128.6631557746567,125.98713342468182,127.32027435302734,97918500
2021-02-18,125.72439023440656,126.50287241895496,123.98254952435698,126.2206802368164,96856700
2021-02-19,126.7364300489586,127.19378780631597,125.33516499223074,126.37637329101562,87668800
2021-02-22,124.56639727156255,126.23040308983671,122.22123254914695,122.6104736328125,103916400
2021-02-23,120.43072920624994,123.30136816472337,115.20518512538801,122.47423553466797,158273000
2021-02-24,121.57898434363891,122.18230093698557,118.94188709836797,121.97795104980469,111039900
2021-02-25,121.32598240071049,123.05809741548158,117.29735317502876,117.73524475097656,148199500
2021-02-26,119.2921941436735,121.49139980199843,117.93958722628282,117.99797821044922,164560400
2021-03-01,120.42101187120407,124.48856634693102,119.4868376397081,124.35233306884766,116307900
2021-03-02,124.95565484356455,125.25731317881322,121.6471165286429,121.75415802001953,102260900
2021-03-03,121.45246532404101,122.32825577553972,118.56236054617285,118.77644348144531,112966300
2021-03-04,118.47482266404644,120.27505462421279,115.42902496763867,116.89839935302734,178155000
2021-03-05,117.72552038212189,118.65969453198089,114.40724922583529,118.15367889404297,153766600
2021-03-08,117.67685938357114,117.74497601487798,113.08383103215061,113.22979736328125,154376600
2021-03-09,115.82796105806665,118.7764495417566,115.59441940046939,117.8325424194336,129525800
2021-03-10,118.41642461584055,118.88350799775948,116.23667741969722,116.75242614746094,111943300
2021-03-11,119.2435449798976,119.89551948779854,117.99797952475683,118.67914581298828,103026500
2021-03-12,117.16114299809291,117.91042610160652,115.95450209117227,117.7741928100586,88105100
2021-03-15,118.14395874848536,120.6642817142442,117.18058534747087,120.65454864501953,92403800
2021-03-16,122.31851677346988,123.7976311140479,121.36488410245022,122.1920166015625,115227900
2021-03-17,120.71293209328559,122.47423888090718,119.04892629520441,121.4038314819336,111932600
2021-03-18,119.57441725151209,119.86634995731801,117.08328587882134,117.28763580322266,121229700
2021-03-19,116.67456302671786,118.16340319964601,116.46048007455593,116.76213836669922,185549500
2021-03-22,117.09302062360135,120.53779245026008,117.02490398115997,120.0707015991211,111912300
2021-03-23,120.0122869105858,120.89780303273159,118.85429686516294,119.24353790283203,95467100
2021-03-24,119.51601473844956,119.59386443754735,116.83999258124882,116.85945129394531,88530500
2021-03-25,116.32425121223295,118.3872236915313,115.7987768800299,117.34600067138672,98844700
2021-03-26,117.11246742653448,118.21207408800578,115.72093550893463,117.94933319091797,94071200
2021-03-29,118.37749665321657,119.28247903408416,117.48224734126221,118.1244888305664,80819200
2021-03-30,116.87891806940085,117.16111766205535,115.66254435493632,116.67456817626953,85671900
2021-03-31,118.37750988637804,120.19720049628938,117.8909603245139,118.86405944824219,118323800
2021-04-01,120.33342627373456,120.83943448866229,119.19489479787379,119.69117736816406,75089100
2021-04-05,120.53777850848313,122.7661761594041,119.75929632134557,122.51316833496094,88651200
2021-04-06,123.09702657327624,123.71007628588559,122.26989388745704,122.81482696533203,80171300
2021-04-07,122.44504366920103,124.4788169278638,121.77360301243874,124.45935821533203,83466700
2021-04-08,125.48109929933943,126.88236408117511,125.06267390248307,126.8531723022461,88844600
2021-04-09,126.30826602843275,129.46109760648577,125.9871415439433,129.42218017578125,106686700
2021-04-12,128.95509167174853,129.2762161435529,127.11593504109703,127.70952606201172,91420000
2021-04-13,128.8772026312571,131.0374830743866,128.38091275888675,130.81365966796875,91266500
2021-04-14,131.3099933958929,131.36837696548068,128.1182295730411,128.478271484375,87222800
2021-04-15,130.22010527807376,131.36835488244947,130.04493975044198,130.88180541992188,89347100
2021-04-16,130.68721289515452,131.04725481288563,129.69464764958488,130.5509796142578,84922400
2021-04-19,129.91843832937323,131.82571884662076,129.75301328602865,131.21266174316406,94264200
2021-04-20,131.38781245275527,131.8840875267871,128.2641585737153,129.52919006347656,94812300
2021-04-21,128.79940473993418,130.15201197134868,127.76792201144299,129.9087371826172,68847100
2021-04-22,129.46110142550572,130.54124205126504,127.87495994409139,128.3907012939453,84566500
2021-04-23,128.60475261832673,131.4851170121257,128.60475261832673,130.70664978027344,78657500
2021-04-26,131.20292770440926,131.42673629598994,129.96708793224363,131.09588623046875,66905100
2021-04-27,131.37809693084532,131.76734545845767,130.5023137282654,130.7747802734375,66015800
2021-04-28,130.69696109558785,131.38786811328342,129.50005314627617,129.98660278320312,107760100
2021-04-29,132.79880749394718,133.38267277073504,128.88694577541443,129.8892364501953,151101000
2021-04-30,128.23499084555246,129.96710595621136,127.54409883928643,127.9236068725586,109839500
2021-05-03,128.48801399046965,130.4634190600625,128.2836714700979,128.9745635986328,75135100
2021-05-04,127.66086791309522,127.95280060042849,123.29164779323206,124.41071319580078,137564700
2021-05-05,125.72439172337612,126.94076551104096,124.5274840738415,124.65399169921875,84000900
2021-05-06,124.44964624226809,126.25961120491856,123.71008883004946,126.24988555908203,78128300
2021-05-07,127.54631847239045,127.94595553024823,126.21089797889388,126.92247772216797,78973300
2021-05-10,126.14263998590019,126.26934761190338,123.6082792363769,123.64727020263672,88071200
2021-05-11,120.38185488141869,123.0819142652862,119.67028275042819,122.73101043701172,126142800
2021-05-12,120.28439421406758,121.49308457084182,119.16342796467423,119.67029571533203,112172300
2021-05-13,121.43459040557941,122.96495055227784,121.12267010296466,121.81474304199219,105861300
2021-05-14,123.06243260302256,124.66102519199373,122.67253033910511,124.23213195800781,81918000
2021-05-17,123.61804098125864,123.72526428981506,122.00969878967952,123.08192443847656,74244600
2021-05-18,123.36459396598383,123.78373756646234,121.62953683178752,121.69776916503906,63342900
2021-05-19,120.05043995950335,121.76599784022277,119.75801143334377,121.54180908203125,92612000
2021-05-20,122.06818662946591,124.49531683623646,121.94146411990351,124.09566497802734,76857100
2021-05-21,124.59278661639331,124.76824225453443,122.04868358173061,122.26313018798828,79295400
2021-05-24,122.82848472896345,124.70975612799803,122.76025239580743,123.89096069335938,63092900
2021-05-25,124.59278434432386,125.08016771850949,123.13065653206684,123.69601440429688,72009500
2021-05-26,123.75449350065962,124.17363709199465,123.22812661130169,123.64727020263672,56575900
2021-05-27,123.24763627844212,124.41733561849655,121.92197306010468,122.1169204711914,94625600
2021-05-28,122.39959761550023,122.62379382802953,121.4053539348129,121.46383666992188,71311100
2021-06-01,121.9219706400981,122.18515038351808,120.8107540580726,121.14216613769531,67637100
2021-06-02,121.14215297391479,122.07791381305455,120.91796422365286,121.90245819091797,59278900
2021-06-03,121.53206925104124,121.6977752920281,120.02120080570538,120.42085266113281,76229200
2021-06-04,120.93747667465416,122.97471215998662,120.72303005127523,122.7115249633789,75169300
2021-06-07,122.98444744531308,123.1306617200527,121.67828344764422,122.72126770019531,71057600
2021-06-08,123.40360489150423,125.21665168991701,123.02345219665295,123.54006958007812,74403800
2021-06-09,123.99817846383709,124.52454534046706,123.32559732645998,123.92019653320312,56877900
2021-06-10,123.81297704481983,124.95344236430199,122.7602506959565,122.92595672607422,71186400
2021-06-11,123.33535493510138,124.22238272093318,122.91621132668672,124.13465118408203,53522400
2021-06-14,124.59280941543645,127.24412880162201,123.86174536220003,127.1856460571289,96906500
2021-06-15,126.65926509447159,127.30260492232891,126.12314857125716,126.36683654785156,62746300
2021-06-16,127.07839924257492,127.58527439037435,125.2166344350542,126.86395263671875,91815000
2021-06-17,126.52279301183641,129.20336059736883,126.37657131032402,128.46253967285156,96721700
2021-06-18,127.40984095504005,128.18963065921508,126.95170632339287,127.16615295410156,108953300
2021-06-21,127.01018237446559,129.06690958900398,125.9477063159808,128.95968627929688,79663300
2021-06-22,128.7939773736595,130.69474066397615,128.29684436989922,130.59725952148438,74783600
2021-06-23,130.3925806003398,130.92869718078555,129.86620618552573,130.3243408203125,60214200
2021-06-24,131.0553765632134,131.24058178501798,129.57374966230876,130.04164123535156,68711000
2021-06-25,130.09040620403312,130.50954241745376,129.4568084909208,129.74923706054688,70783700
2021-06-28,130.04166969629122,131.8352098315601,129.98318695524438,131.3770751953125,62111300
2021-06-29,131.39658519851488,133.0439186165466,130.95794973108042,132.88795471191406,64556100
2021-06-30,132.73195190270366,133.94064949902392,132.43952338561445,133.50201416015625,63261400
2021-07-01,133.15111722207564,133.86268195374564,132.3323143115352,133.80419921875,52485800
2021-07-02,134.41828334809892,136.46526832234767,134.27207651002422,136.42628479003906,78852600
2021-07-06,136.53351700878477,139.53574001915328,136.53351700878477,138.4342803955078,108181800
2021-07-07,139.91586805219615,141.231788943126,139.05809657469072,140.9198760986328,104911600
2021-07-08,138.00536723887996,140.42274763655988,137.11833949517367,139.6234588623047,105575500
2021-07-09,139.1458433075578,141.97261806281588,139.04836216143113,141.44625854492188,99890800
2021-07-12,142.5184555206525,142.62567880479006,140.364247675173,140.85162353515625,76299700
2021-07-13,140.39350901995923,143.7369156295679,140.00361422588887,141.96286010742188,100827100
2021-07-14,144.3607994842305,145.79368633580276,143.95139049217775,145.38427734375,127050800
2021-07-15,145.47199168239987,146.21279783696795,143.3762659892824,144.73117065429688,106820300
2021-07-16,144.7116829108476,145.97884856339024,142.1968210625346,142.69393920898438,93251400
2021-07-19,140.1205738932986,140.43250161447835,138.09308832622733,138.8533935546875,121434600
2021-07-20,139.83790622702588,143.3860023478585,139.35053030452949,142.45997619628906,96350000
2021-07-21,141.85565012536404,142.4405072449087,140.97837931958148,141.7289276123047,74993500
2021-07-22,142.2553100922622,144.4582442706814,142.12858757198936,143.09359741210938,77338200
2021-07-23,143.82464898024415,144.9651069434816,143.2105505102186,144.80914306640625,71447400
2021-07-26,144.52647939059113,146.04709009069717,143.97086362595675,145.22830200195312,72434100
2021-07-27,145.35498894389306,145.44272791296905,141.87513262554674,143.0643310546875,104818600
2021-07-28,141.15382825419624,143.25929604709813,138.94113715127986,141.3195343017578,118931200
2021-07-29,141.03684881635502,142.8498878684949,140.92962551695572,141.96286010742188,56699500
2021-07-30,140.73469364228038,142.63545700170118,140.47150644681145,142.1773223876953,70440600
2021-08-02,142.66470486730785,143.2398049839172,141.58272954059322,141.84591674804688,62880000
2021-08-03,142.12856645538005,144.30225894055675,141.51446802349406,143.63943481445312,64786600
2021-08-04,143.55168904021573,144.05854922239413,142.58667948918819,143.23976135253906,56368300
2021-08-05,143.26903344221475,144.107320690727,142.47948676454712,143.34701538085938,46397700
2021-08-06,142.86872275200778,143.61063897996743,142.16584847464708,142.66371154785156,54126800
2021-08-09,142.72225212556916,143.21035833317768,142.05843483321482,142.6148681640625,48908700
2021-08-10,142.95653516321173,144.19632898598317,141.84365370926938,142.1365203857422,69023100
2021-08-11,142.57578725696132,143.22984760890972,142.06815276895088,142.3903045654297,48493500
2021-08-12,142.71246608285676,145.5044336133679,142.37078584930737,145.34823608398438,72282600
2021-08-13,145.42631032305218,145.8851311783526,144.7429648670134,145.55322265625,59375000
2021-08-16,145.0065328408216,147.59350373735595,142.98578162240887,147.52516174316406,103296000
2021-08-17,146.6563820290242,148.07188700426227,145.5435005089824,146.61734008789062,92229700
2021-08-18,146.2365903149313,147.13470375005627,142.6734068529053,142.87841796875,86326000
2021-08-19,141.5800696426097,144.4794213850425,141.0626783117476,143.21034240722656,86960300
2021-08-20,143.93275769698107,144.96754045087513,143.28845394220284,144.6649169921875,60549600
2021-08-23,144.78203658666285,146.6173203855108,144.3720292286724,146.14874267578125,60131800
2021-08-24,145.8949130199866,147.27137582254224,145.6020463753851,146.0608673095703,48606400
2021-08-25,146.24634576040117,146.7442235104866,144.28416462153382,144.83084106445312,58991300
2021-08-26,144.82110951404735,145.57278230599707,144.00107981111,144.03036499023438,48597200
2021-08-27,143.97180225819312,145.2115961914639,143.33727014912955,145.06517028808594,55802400
2021-08-30,145.45559594581775,149.8387934277518,145.07487384085252,149.4775848388672,90956700
2021-08-31,149.0285807911714,149.16524992421503,147.6911597437249,148.21832275390625,86453100
2021-09-01,149.19453621732464,151.29338682527435,148.71618680019012,148.88214111328125,80313700
2021-09-02,150.2098393910921,151.0396261223732,148.77480556855664,149.9950714111328,71115500
2021-09-03,150.10238418360416,150.9516989362315,149.44832378980732,150.62954711914062,57808700
2021-09-07,151.2835758996456,153.51909484126944,150.71737114815093,152.96266174316406,82278300
2021-09-08,153.24580029178898,153.30437064554417,150.31716343749,151.4202880859375,74420200
2021-09-09,151.79126431107525,152.39651120399355,150.28788894400816,150.40504455566406,57305700
2021-09-10,151.3129047338198,151.78148246152148,145.16276433644302,145.4263458251953,140893200
2021-09-13,147.04684942260073,147.8180505115286,145.21156570783384,145.99253845214844,102404300
2021-09-14,146.77347525304998,147.47634906122445,143.4153037019524,144.5965118408203,109296300
2021-09-15,145.02610332343372,145.8851749521173,142.88819590848047,145.48492431640625,83281300
2021-09-16,144.90894501042473,145.4263362978241,143.71796490468603,145.2506103515625,68034100
2021-09-17,145.27995796165817,145.27995796165817,142.29273506424897,142.58560180664062,129868800
2021-09-20,140.37935348466607,141.39460787991925,137.909537174392,139.53981018066406,123478900
2021-09-21,140.50621829477157,141.1602935933769,139.38358019514303,140.0181121826172,75834000
2021-09-22,141.01387841720836,142.94677480134484,140.28171911608493,142.38058471679688,76404300
2021-09-23,143.16153904107028,143.581318108749,142.1755699033987,143.33726501464844,64838200
2021-09-24,142.1950877231893,143.96202960944674,142.09746053449825,143.42510986328125,53477900
2021-09-27,142.0096450384804,142.48799456461782,140.39890024168955,141.91201782226562,74150700
2021-09-28,139.84239196001295,141.30671020043195,138.3195033733077,138.53427124023438,108972300
2021-09-29,139.08098176355122,141.013878143942,138.65144592439347,139.4324188232422,74602000
2021-09-30,140.2426707272125,140.9455448156453,137.9192805517919,138.13404846191406,89056700
2021-10-01,138.52447856413826,139.52021898734728,135.80085360442942,139.2566375732422,94639600
2021-10-04,138.38784096480848,138.8271483868743,134.98086980059804,135.83016967773438,98322000
2021-10-05,136.17182191207743,138.85640500413678,136.0449095810652,137.75328063964844,80861100
2021-10-06,136.15236065284557,138.7686030429388,135.07852092806354,138.62217712402344,83221100
2021-10-07,139.65692980871162,140.7893396562003,139.32502120039112,139.88145446777344,61732700
2021-10-08,140.60387247260306,140.75029837603776,139.16883903566588,139.50074768066406,58773200
2021-10-11,138.8857090401355,141.36528138783962,138.43664488957629,139.41285705566406,64452200
2021-10-12,139.82285430694407,139.8423827196876,137.68494743386773,138.14376831054688,73035900
2021-10-13,137.8802114942071,138.03639411972742,135.88873033671427,137.5580596923828,78762700
2021-10-14,138.72955687137625,140.45745714105692,138.14382342191217,140.34030151367188,69907100
2021-10-15,140.35003767716657,141.453147377337,140.09621296187518,141.3945770263672,67940300
2021-10-18,140.03766984054468,143.347029376178,139.75457479053856,143.06393432617188,85589200
2021-10-19,143.51298745891924,145.62160993395176,143.06393807186709,145.2213592529297,76378900
2021-10-20,145.16278083703227,146.18780683574556,144.59657585778285,145.70945739746094,58418800
2021-10-21,145.27016433537898,146.0804224119474,144.35252229936606,145.92422485351562,61421000
2021-10-22,146.12924283758312,146.60757740087539,145.1042167942401,145.1530303955078,58883400
2021-10-25,145.14324421012236,145.8168331110648,144.10846150842693,145.1042022705078,50720600
2021-10-26,145.77779264971988,147.2518679421637,145.46539754636262,145.76803588867188,60893400
2021-10-27,145.80705169170784,146.168245431377,144.95775186240334,145.30918884277344,56094900
2021-10-28,146.2561806975345,149.52648401063686,146.15855347799373,148.94076538085938,100077900
2021-10-29,143.718003300801,146.37330245291255,142.92727357091124,146.23663330078125,124953200
2021-11-01,145.44589589912687,146.13899838558393,144.2842007193759,145.41661071777344,74588300
2021-11-02,145.12370582377017,147.96448683414823,145.11393416867705,146.45135498046875,69122000
2021-11-03,146.81257403590004,148.35499132920407,146.25614074482093,147.88641357421875,54511500
2021-11-04,147.97426542713765,148.80403696262286,147.0566234619275,147.3690185546875,60394600
2021-11-05,148.49333201847526,148.79639720102944,146.70425393179946,147.89697265625,65463900
2021-11-08,148.02405391839477,148.18047945260236,146.80200740282297,147.07574462890625,55020900
2021-11-09,146.84107977637362,148.0435691533501,146.70421118808,147.43743896484375,56787900
2021-11-10,146.66511965093986,146.7726603269792,144.54364896685252,144.61207580566406,65187100
2021-11-11,145.62882237351127,146.0882980655143,144.37743321812488,144.5631866455078,41000000
2021-11-12,145.11064651980587,147.03659252052734,144.18189439318962,146.63577270507812,63804000
2021-11-15,147.00728981052836,148.483531417499,146.08830852560698,146.64556884765625,59222800
2021-11-16,146.5868762388628,148.10221638704422,146.00028814358132,147.6231689453125,59256200
2021-11-17,147.62318884522813,151.53373689410836,147.61341784542643,150.05751037597656,88807000
2021-11-18,150.2726099643279,155.12168178008048,149.627365877677,154.33956909179688,137827700
2021-11-19,154.12445397592487,157.41910052968012,153.02950540265965,156.95960998535156,117305600
2021-11-22,158.064388202726,161.99449424357113,157.3996020130381,157.41915893554688,117467900
2021-11-23,157.51689191338718,158.18169292863084,155.502961782972,157.8004150390625,96041900
2021-11-24,157.1551520319611,158.5140669022848,156.0699743356913,158.31854248046875,69463600
2021-11-26,156.00160290809217,156.86191365315102,152.86338037425756,153.30331420898438,76959800
2021-11-29,155.8060160344783,157.58532267329434,155.2389847402696,156.6565704345703,88748200
2021-11-30,156.41214364910118,161.81847488073362,156.3437019010155,161.6033935546875,174048100
2021-12-01,163.7346232310991,166.4915664393558,160.85059737024878,161.08523559570312,152052500
2021-12-02,155.19011206164845,160.52800204808736,154.27113083970096,160.09783935546875,136739200
2021-12-03,160.35206691181173,161.27104831929452,156.1482237273482,158.22080993652344,118023100
2021-12-06,160.6160361472199,164.12576562524714,160.6062651438914,161.62301635742188,107497000
2021-12-07,165.2988995417756,167.74299254141582,164.57544264356054,167.3519287109375,120405400
2021-12-08,168.2806469361057,172.02499811029608,166.88261839066362,171.1646728515625,116998900
2021-12-09,170.9985052389604,172.79735388590385,170.03063915946248,170.6563262939453,108923700
2021-12-10,171.29179439045112,175.61294836881706,170.78341894665584,175.4369659423828,115402700
2021-12-13,177.06962931153166,178.05705234389498,171.60464142456377,171.80995178222656,153237000
2021-12-14,171.3308817563336,173.76520322122326,168.35887188331523,170.43145751953125,139380400
2021-12-15,171.19404218690133,175.4858686850592,168.45665517933287,175.29034423828125,131063300
2021-12-16,175.27077720416733,177.08918279763162,166.93153397693786,168.4077606201172,150185800
2021-12-17,166.12984262332955,169.59068583995455,165.89521929851176,167.3127899169922,195432700
2021-12-20,164.51676029378936,166.76532847471316,163.71510567618958,165.95388793945312,107499100
2021-12-21,167.72338564818043,169.3267095815399,165.33794920445052,169.1214141845703,91185900
2021-12-22,169.17037125810356,171.9273159211781,168.30027455787226,171.7122344970703,92135300
2021-12-23,171.91746810959268,172.89510508509778,171.35043687369296,172.3378448486328,68356600
2021-12-27,173.12973764737882,176.38527073958,173.11019564746687,176.2972869873047,74919600
2021-12-28,176.1311025117923,177.2749361221624,174.5375492742612,175.28054809570312,79144300
2021-12-29,175.31966069433915,176.59059189162147,174.15627017338588,175.36854553222656,62348900
2021-12-30,175.4565079119385,176.53191454419968,174.10736412193012,174.21490478515625,59773000
2021-12-31,174.1073747963206,175.22188041192248,173.29593427269404,173.59901428222656,64062300
2022-01-03,173.85321176039008,178.79028222604728,173.73590007898758,177.93972778320312,104487900
2022-01-04,178.54586564233023,178.84893075193062,175.1143499260673,175.68138122558594,99310400
2022-01-05,175.59339039534856,176.14086475419518,170.73453308424857,171.00827026367188,94537600
2022-01-06,168.83793801323478,171.37980064842037,167.80164498917833,168.15359497070312,96904000
2022-01-07,169.0237089960216,170.2457555978546,167.2053030557917,168.31980895996094,86709100
2022-01-10,165.29890311477462,168.6424206204467,164.40924966346103,168.33935546875,106765600
2022-01-11,168.4664003367464,171.26242759251966,166.99994496438987,171.1646728515625,76138300
2022-01-12,172.18141648353657,173.21770927349675,170.91050037060046,171.6046142578125,74805200
2022-01-13,171.84906951188285,172.6702811972984,167.9482916298187,168.33935546875,84505800
2022-01-14,167.50830810674722,169.89374460419103,167.2638988741002,169.1996307373047,80440800
2022-01-18,167.67452813175186,168.6814931182034,165.6214992398613,166.00277709960938,90956700
2022-01-19,166.19833085017333,167.25418085979933,162.22912604138475,162.51263427734375,94815000
2022-01-20,163.24580374079267,165.8854203606941,160.50841746485392,160.83103942871094,91420500
2022-01-21,160.74305996791702,162.61035005803072,158.67047447923693,158.77801513671875,122848900
2022-01-24,156.44149634340394,158.67050778679211,151.24045969712583,158.00570678710938,162294600
2022-01-25,155.4247355135648,159.1202024043847,153.5085752311325,156.20684814453125,115798400
2022-01-26,159.84362956793808,160.7137257927372,154.29065926080548,156.11883544921875,108275300
2022-01-27,158.8171416631375,160.1760566161972,154.74039680395836,155.6593780517578,121954600
2022-01-28,162.0042414218655,166.5404767176366,159.1593140383979,166.5209197998047,179935700
2022-01-31,166.3547503312831,171.08651082179728,165.71927719769477,170.87142944335938,115541600
2022-02-01,170.1186272242385,170.93006781127377,168.45664712970438,170.70521545410156,86213900
2022-02-02,170.84209391826516,171.94682868403083,169.45385093947993,171.90771484375,84914300
2022-02-03,170.57813105955574,172.29878204430065,168.27090671710556,169.03346252441406,89418100
2022-02-04,168.05458991972742,170.42349941150601,167.07570713146276,168.74960327148438,82465400
2022-02-07,169.20962915449093,170.27660749223818,167.33995999905824,168.03497314453125,77251200
2022-02-08,168.10348925040896,171.64705409326743,167.80982151011347,171.13803100585938,74829200
2022-02-09,172.33228001362485,172.9196005956565,171.20655609241282,172.5574188232422,71285000
2022-02-10,170.462637822063,171.7743370940817,167.92733513885554,168.48529052734375,90865900
2022-02-11,168.69087634340775,169.42503845048873,164.49146072642745,165.07879638671875,98670700
2022-02-14,163.83559821712237,165.9989356288058,163.04270559336564,165.313720703125,86185500
2022-02-15,167.35956986279012,169.29775335068365,166.65477315145358,169.14112854003906,62527400
2022-02-16,168.2209893560315,169.67951494494773,166.45899759893967,168.9062042236328,61177400
2022-02-17,167.41831260412283,168.2797341887302,164.91237519788157,165.313720703125,69589300
2022-02-18,166.23386310925557,166.93864489391834,162.68051421778296,163.76707458496094,82772700
2022-02-22,161.49607262837773,163.16996871038384,158.7258326412145,160.8500213623047,91162800
2022-02-23,162.0442643977581,162.64138354838985,156.37653912911182,156.68978881835938,90009200
2022-02-24,149.35790916683425,159.4110376690062,148.79015546543386,159.30335998535156,141147500
2022-02-25,160.38013909716133,161.6331077669388,157.47285626304333,161.3688201904297,91974200
2022-02-28,159.6166064975814,161.9267702066246,158.99990563300975,161.6331024169922,95056600
2022-03-01,161.22197083806662,163.0818568508139,158.5496253630897,159.75364685058594,83474400
2022-03-02,160.91849038376492,163.82577254598857,159.50889722189146,163.04266357421875,79724800
2022-03-03,164.91239906095296,165.34310991558115,162.05406285981815,162.71969604492188,76678400
2022-03-04,161.01639051416453,162.05400359179123,158.67686189722227,159.72425842285156,83737200
2022-03-07,159.91028134097652,161.5352302369313,155.68150083148916,155.93601989746094,96418800
2022-03-08,155.4661583222758,159.44041971330986,152.50992837199067,154.11529541015625,131148300
2022-03-09,158.06995256595388,159.959203685233,156.04367342146804,159.5089111328125,91454900
2022-03-10,156.81698565051138,157.00297572975708,152.68609998585092,155.17247009277344,105342000
2022-03-11,155.57382899544626,155.9164439341305,151.23738556277695,151.4625244140625,96970100
2022-03-14,148.2518056179064,150.865421052167,146.93032272367594,147.4393310546875,108732100
2022-03-15,147.71340492610565,152.28480063427574,147.204396636905,151.81492614746094,92964300
2022-03-16,153.73353879751855,156.6212399212536,151.19823606106897,156.2198944091797,102300200
2022-03-17,155.2606154453612,157.60014494995056,154.30131439746998,157.22816467285156,75615400
2022-03-18,157.1204572234023,161.00662274780382,156.38629519642316,160.51718139648438,123511700
2022-03-21,160.05709828830467,162.83713639325782,159.56765695852218,161.8876190185547,95811400
2022-03-22,162.01486028186812,165.84229498697943,161.42753966012307,165.25497436523438,81532000
2022-03-23,164.4424952526729,168.9942934206818,164.1096638130363,166.61561584472656,98062700
2022-03-24,167.44768776251115,170.4626485498089,166.6156463524789,170.39413452148438,90131400
2022-03-25,170.20810721060892,171.578536843318,169.10196511927478,171.03036499023438,80546200
2022-03-28,168.53419473681177,172.01901397467847,168.36778650765086,171.8917694091797,90371900
2022-03-29,172.95879441578631,175.22979461470234,172.61617948078282,175.1808624267578,100589400
2022-03-30,174.77948791199498,175.8171010585222,172.96854916161706,174.01596069335938,92633200
2022-03-31,174.08448573079536,174.27047582290578,170.7171270473916,170.92269897460938,103049300
2022-04-01,170.35497284823808,171.18702920461877,168.3091113767006,170.62905883789062,78751300
2022-04-04,170.88355800105404,174.72077634534207,170.75629847192283,174.6718292236328,76468400
2022-04-05,173.7516656886956,174.53477477488693,170.73670541562527,171.36318969726562,73401800
2022-04-06,168.72023795719042,169.96342328033663,166.53733352192953,168.20143127441406,89058800
2022-04-07,167.5455363451221,169.69907490999924,166.2632026288955,168.5048370361328,77594700
2022-04-08,168.15243700693318,168.15243700693318,165.6269183292227,166.4981231689453,76575500
2022-04-11,165.14731642594322,165.46055114101816,162.0050962053992,162.24981689453125,72246700
2022-04-12,164.47181352000362,166.28273687133373,163.12095112284183,164.11941528320312,79265200
2022-04-13,163.85518867958416,167.42810486793778,163.24828613297083,166.80162048339844,70618900
2022-04-14,167.01694559853848,167.65322825491936,161.55477886000992,161.79949951171875,75329400
2022-04-18,160.45847376711322,163.08188755230427,160.1158737341422,161.58419799804688,69023900
2022-04-19,161.53519893963082,164.2760730051198,160.4486387361769,163.86492919921875,67723800
2022-04-20,165.1962520760154,165.3137281661249,162.59243524088046,163.6985626220703,67929800
2022-04-21,165.3430936610523,167.90776176039836,162.40644532626558,162.90567016601562,87227800
2022-04-22,162.94480808191494,164.32502122927878,158.08954369720692,158.3734130859375,84882400
2022-04-25,157.71758646013552,159.72429911751857,155.11376965466397,159.4404296875,96046400
2022-04-26,158.82370741856425,158.91180327087787,153.41048764569481,153.48880004882812,95623200
2022-04-27,152.61757531774515,156.4156292897006,152.09876878373368,153.26364135742188,88063200
2022-04-28,155.88706244158715,161.04577820352466,155.57381282317428,160.18435668945312,130216800
2022-04-29,158.42238298865084,162.6903124384376,153.9293146853147,154.32086181640625,131747600
2022-05-02,153.40072515321864,154.8886162063275,150.03336604127583,154.62432861328125,123055300
2022-05-03,154.81028218380573,157.31623426694395,153.0189401124905,156.11219787597656,88966500
2022-05-04,156.29821776928353,162.96440737050813,155.89687222909777,162.51412963867188,108256500
2022-05-05,160.38993331507154,160.61507214954577,151.67786848905013,153.45944213867188,130525300
2022-05-06,152.9398334410661,156.30234136161945,151.14584468974874,154.18484497070312,116124600
2022-05-09,151.88112823098254,152.76342612282588,148.5088364921623,149.06761169433594,131577900
2022-05-10,152.45950928453797,153.65550196924158,149.92046680625165,151.46937561035156,115366700
2022-05-11,150.4792343504193,152.39085681137783,142.94056542836282,143.6169891357422,142689800
2022-05-12,139.96037524904284,143.32286770290355,136.0685012982066,139.75450134277344,182602000
2022-05-13,141.744613679471,145.1855500570958,140.2937427481442,144.21502685546875,113990900
2022-05-16,142.68573136301794,144.61696502202452,141.3426813570236,142.67591857910156,86643800
2022-05-17,145.93052818700482,146.82262354182976,143.79342145558388,146.3030548095703,78336300
2022-05-18,143.960147405131,144.46010573899827,137.1469043666091,138.04881286621094,109742900
2022-05-19,137.1273056487035,138.87227582415818,133.91185397987616,134.6470947265625,136095600
2022-05-20,136.3528207232791,137.93113785871375,130.00034593006458,134.88233947753906,137426100
2022-05-23,135.07841705772444,140.44077384848245,134.94117272312687,140.29373168945312,117726300
2022-05-24,138.03901137531423,139.176187438702,134.6274981436638,137.59786987304688,104132700
2022-05-25,135.70578755446192,138.99966571047085,135.61756228135172,137.75466918945312,92482700
2022-05-26,134.68628135538745,141.49950829001511,134.44120114221013,140.95053100585938,90601500
2022-05-27,142.5288422380691,146.73441193920726,142.4013957458045,146.69520568847656,90978500
2022-05-31,146.13644955191023,147.69515625482543,143.95032308788612,145.9109649658203,103718400
2022-06-01,146.9500620711425,148.7538634677618,144.77374899266687,145.7834930419922,74286600
2022-06-02,144.92085472708317,148.29316134885798,143.96994216366954,148.23434448242188,72348100
2022-06-03,144.0091352358549,145.05808578629097,141.6171647882395,142.51905822753906,88570300
2022-06-06,144.13658414441952,145.64628674294468,142.04849579123675,143.26409912109375,71598400
2022-06-07,141.5092943334597,146.06777945381725,141.26421416659088,145.7834930419922,67808200
2022-06-08,145.65608826850138,146.92069570984725,144.5581335933167,145.0482940673828,53950200
2022-06-09,144.18560463111925,145.0384790561678,139.72514139394366,139.83297729492188,69473000
2022-06-10,137.51940103001422,137.98995082700978,134.36276684809005,134.431396484375,91437900
2022-06-13,130.2552525242583,132.53940235521404,128.85340060932865,129.2847442626953,122207100
2022-06-14,130.5101288143863,131.25516732822615,128.89259032192393,130.14739990234375,84784300
2022-06-15,131.64728162043858,134.63726323315953,129.5592083618082,132.7648468017578,91533000
2022-06-16,129.48077871917013,129.78467578709342,126.50059498012912,127.50052642822266,108123900
2022-06-17,127.51033981148552,130.4611001773296,127.25544681769559,128.97100830078125,134520300
2022-06-21,130.7943992837295,134.36276639582726,130.6963761788774,133.19618225097656,81000500
2022-06-22,132.13745484401576,135.04900927487205,131.2747825760473,132.6864471435547,73409200
2022-06-23,134.12750324123766,135.8626603415122,132.9609190593017,135.54896545410156,72433800
2022-06-24,137.1468791706762,139.117333627322,137.01944763359853,138.87225341796875,89116800
2022-06-27,139.89178050713437,140.66624234545563,138.19582964679236,138.87225341796875,70207900
2022-06-28,139.33299738336785,140.59760460905184,134.61765682035212,134.73529052734375,67083400
2022-06-29,134.75493953918553,137.90176176618252,133.9804775247322,136.49009704589844,66242400
2022-06-30,134.54901824559195,135.64697266058235,131.13750634293814,134.02944946289062,98964500
2022-07-01,133.36284196732555,136.3038045198631,132.9903302157903,136.1959686279297,71051600
2022-07-05,135.05880629688934,138.82323473193733,134.2353254229341,138.7742156982422,73353800
2022-07-06,138.56835645511603,141.28383440664965,138.30366564043456,140.10745239257812,74064300
2022-07-07,140.47017616296918,143.66603189279604,140.4603783389641,143.469970703125,66253700
2022-07-08,142.40140757015126,144.64635079248632,142.1465295229667,144.14637756347656,64547800
2022-07-11,142.80334848304327,143.7542609845207,140.95054251842944,142.0190887451172,63141600
2022-07-12,142.89154019342988,145.5286052761855,142.19552087150592,142.9895782470703,77588800
2022-07-13,140.17611985083454,143.5680224891842,139.32323031975335,142.62692260742188,71185600
2022-07-14,141.244640047542,146.01879814456234,140.4309718883509,145.54824829101562,78140700
2022-07-15,146.83245817528143,147.8912065060331,145.2835494113212,147.21478271484375,76259900
2022-07-18,147.77360356027648,148.58727184385728,143.813098058474,144.1758270263672,81420900
2022-07-19,145.0090375439563,148.25389669881054,144.01891901249385,148.02842712402344,82982400
2022-07-20,148.1460756395822,150.6949157224323,147.41083503397257,150.02828979492188,64823400
2022-07-21,151.45958316742,152.50853373902038,148.94996398855773,152.29286193847656,65086600
2022-07-22,152.33206789895848,153.20455292364784,150.3910366563313,151.05764770507812,66675400
2022-07-25,150.97920113195147,151.9889303599999,149.28325033510924,149.9400634765625,53623900
2022-07-26,149.2636538636445,150.07732200029463,147.83239373585778,148.6166534423828,55138700
2022-07-27,149.5773707705413,154.2338952339947,149.1656377708993,153.7045135498047,78620700
2022-07-28,153.89075014754778,154.53776544520662,151.37133354934207,154.25347900390625,81378700
2022-07-29,158.0669387195233,160.409904944982,156.36117506106663,159.3119354248047,101786900
2022-08-01,157.84145882480365,160.3706884793457,157.72382510643268,158.3316192626953,67829400
2022-08-02,156.94935473605096,159.21389322725332,156.4886027966237,156.86111450195312,59907000
2022-08-03,157.67481177613547,163.311657015849,157.58658648416494,162.8607177734375,82507500
2022-08-04,162.7430888021846,163.89987539598906,161.19417977979222,162.54702758789062,55474100
2022-08-05,160.22039768650808,162.8120387299593,160.0142377831412,162.32119750976562,56697000
2022-08-08,163.32254540690658,164.7361708864107,161.19229575323052,161.8500213623047,60276900
2022-08-09,161.01555492296612,162.78258627702198,160.2596552644257,161.89906311035156,63135500
2022-08-10,164.60850119483868,166.23809760904007,163.8427901046544,166.1399383544922,70170500
2022-08-11,166.9449356294848,167.85790820975464,165.10919401506573,165.40370178222656,57149200
2022-08-12,166.70933581222894,169.01628078921996,166.29701596444957,168.94757080078125,68039400
2022-08-15,168.37821564106778,170.21395743937939,168.21133138479297,170.0176239013672,54091700
2022-08-16,169.61511402434292,170.52808660786044,168.51563433427114,169.86053466796875,56377100
2022-08-17,169.6052979143018,172.92337473871223,169.40896440067246,171.35269165039062,79542000
2022-08-18,170.56737014082248,171.69629926083016,169.9489052427666,170.9600372314453,62290100
2022-08-19,169.8605088981945,170.55751001123525,168.1720139278697,168.378173828125,70346300
2022-08-22,166.58172694573366,166.74861119438174,164.07843325743647,164.5005645751953,69026800
2022-08-23,164.01951691966545,165.61966421752064,163.59738564765863,164.16676330566406,54147100
2022-08-24,164.2551282502834,165.03065085876125,163.20472075222654,164.46127319335938,53841500
2022-08-25,165.6883632421721,167.02345197761028,165.2662469773801,166.91546630859375,51218200
2022-08-26,167.44558409670634,167.91678748247466,160.56398047750997,160.6228790283203,78961000
2022-08-29,158.19813716461735,159.91608162954805,156.89251255304256,158.42393493652344,73314000
2022-08-30,159.1601794345339,159.58229569538483,154.83095626158936,155.99916076660156,77906200
2022-08-31,157.37354474862363,157.6386032608909,154.2616125155062,154.34014892578125,87991100
2022-09-01,153.77077627080038,155.51817026416148,151.836860169279,155.0666046142578,74229900
2022-09-02,156.82381061062185,157.4226376540656,152.13136852434044,152.9559783935547,76957800
2022-09-06,153.60389928231007,154.21253778677115,150.87482246778544,151.69943237304688,73714800
2022-09-07,151.98409298992328,153.80019664109167,150.7962505650505,153.10321044921875,87449600
2022-09-08,151.80738719524012,153.49588236025656,149.88328282837716,151.6306915283203,84923800
2022-09-09,152.62220516793604,154.92916542303703,151.91539245059826,154.48739624023438,68028800
2022-09-12,156.66672837890903,161.25118449428555,156.38204700518378,160.43638610839844,104956000
2022-09-13,156.97104316313002,157.59931943362142,150.56065692569356,151.0220489501953,122656600
2022-09-14,151.95462406702927,154.22232317214238,150.79624593389804,152.46510314941406,87965400
2022-09-15,151.81721471946022,152.3964188629796,148.60712326254628,149.5789794921875,90481100
2022-09-16,148.44022763272653,148.57766259301448,145.65223775657734,147.93955993652344,162278800
2022-09-19,146.57501740526791,151.7288507316376,146.36887246061372,151.6503143310547,81474200
2022-09-20,150.59011171978128,155.18439428665013,150.27598106267698,154.0260009765625,107689800
2022-09-21,154.4579373320565,155.83230196535132,150.78645397951445,150.9042510986328,101696800
2022-09-22,149.58882383167358,151.6405372059972,148.1457489754599,149.94223022460938,86652500
2022-09-23,148.42058784002563,148.6954577569954,145.83875792782328,147.67449951171875,96029900
2022-09-26,146.91861726875362,150.95333323742267,146.8989794231201,148.00828552246094,93339400
2022-09-27,149.94217734892632,151.8859043349913,147.20327502469917,148.98011779785156,84442700
2022-09-28,144.93563790031018,147.88068609523327,142.18692325585735,147.0953369140625,146691400
2022-09-29,143.42383363893248,144.03247205665744,138.1031007730531,139.87013244628906,128138200
2022-09-30,138.69211755301987,140.4787870882612,135.47219979960417,135.6685333251953,124925300
2022-10-03,135.67834355315813,140.44932105441077,135.16786446408517,139.84066772460938,114311700
2022-10-04,142.37343574191996,143.5416405102459,141.61753589548164,143.42384338378906,87830100
2022-10-05,141.43101553965928,144.6803824609242,140.39041942925496,143.71832275390625,79471000
2022-10-06,143.13914221609966,144.83744897574383,142.55995305808347,142.76609802246094,68402200
2022-10-07,139.9290298735793,140.47878470691822,136.8956342636469,137.52391052246094,85925600
2022-10-10,137.8478546142578,139.2909290851068,136.0317509799681,137.8478546142578,74899000
2022-10-11,137.33739611427865,138.76084793369003,135.68817645989057,136.4342498779297,77033700
2022-10-12,136.58149154588781,137.78895683135124,135.6292583188671,135.8059539794922,70433700
2022-10-13,132.51732843397534,140.95978909716513,131.90867508719168,140.37078857421875,113224000
2022-10-14,141.66660017858484,141.87276009592642,135.65870802953629,135.84523010253906,88598000
2022-10-17,138.48600126569377,140.282467627112,137.70065202144465,139.80145263671875,85250900
2022-10-18,142.82500010106065,144.0128276023933,138.03438444661543,141.1168670654297,99136600
2022-10-19,139.09461918905455,142.29489928414645,138.90809708603376,141.22486877441406,61758300
2022-10-20,140.40019484872,143.21761801772203,140.03696224257217,140.76341247558594,64522000
2022-10-21,140.25296085326963,145.14175003074126,140.0369895251427,144.57237243652344,86548600
2022-10-24,144.49383601206912,147.47814394112922,143.32563155001017,146.71243286132812,75981900
2022-10-25,147.34074408565283,149.69679141311283,146.62411995147127,149.54953002929688,74732300
2022-10-26,148.19481318791426,149.20594507644813,145.32828678897533,146.6143035888672,88194300
2022-10-27,145.35773474859954,146.3197794029668,141.48990330767347,142.1476287841797,109180200
2022-10-28,145.48537216958695,154.6150242142885,145.11234293200243,152.88726806640625,164762400
2022-10-31,150.35452378899333,151.41474288743174,149.13723186575905,150.53121948242188,97943200
2022-11-01,152.23934967138234,152.60256746450293,146.39834080336652,147.89048767089844,80379300
2022-11-02,146.22162239502856,149.3826416112209,142.34397906464244,142.37342834472656,93604600
2022-11-03,139.4578493069626,140.18429993575015,136.20848179558848,136.3361053466797,97918500
2022-11-04,139.71866273149064,140.28898493787645,132.1373429796548,136.07058715820312,140814800
2022-11-07,134.82180210827255,136.82775039724396,133.40583154940404,136.60159301757812,83374600
2022-11-08,138.06667619069378,139.0696424266864,135.19541038943814,137.17185974121094,89908500
2022-11-09,136.18857977969958,136.23774833279379,132.3438299914245,132.61915588378906,74917800
2022-11-10,138.88286812786214,144.4188995361328,137.171901375878,144.4188995361328,118854000
2022-11-11,143.3864383750097,147.5064994693465,141.9606252113591,147.20167541503906,93979700
2022-11-14,146.48384590068005,147.77198095425382,144.96953850636208,145.80535888671875,73374100
2022-11-15,149.67963703147598,151.02676861885655,146.08071431905194,147.5360107421875,89868300
2022-11-16,146.64119143040293,147.36883205309908,144.83188757505272,146.30685424804688,64218300
2022-11-17,143.98620818910433,148.95193124541828,143.71088233685353,148.20462036132812,80389400
2022-11-18,149.76810292744864,150.15159363499748,147.4671586821555,148.76512145996094,74829600
2022-11-21,147.65398361312236,147.86047052115927,145.25470236836378,145.53985595703125,58724100
2022-11-22,145.65788443814483,147.909660354169,144.47789906303868,147.6736602783203,51804100
2022-11-23,146.95580851480625,149.2960932184856,146.84764371747318,148.5487823486328,58301400
2022-11-25,145.8348580598712,146.3953525551104,144.66471552066162,145.63819885253906,35195900
2022-11-28,142.7177853624681,144.19275214587688,140.98716307142482,141.81314086914062,69246000
2022-11-29,141.8819517027843,142.39327767480953,138.007718580844,138.81402587890625,83763800
2022-11-30,139.04019702693043,146.23804217919428,138.20439151332914,145.55955505371094,111380900
2022-12-01,145.73654727553216,146.64119170281938,144.16324348642758,145.83486938476562,71250400
2022-12-02,143.5240541482099,145.5300016228142,143.21921518998818,145.34317016601562,65447400
2022-12-05,145.3038811249747,148.4013049961633,143.33725898348703,144.1829071044922,68826400
2022-12-06,144.61557170242608,144.8417290558683,139.55151049910586,140.52499389648438,64727200
2022-12-07,139.8169835109002,140.97728320609625,137.6635301739463,138.5878448486328,69721100
2022-12-08,139.98414879173407,141.1247931057231,138.7451823842777,140.26930236816406,62128300
2022-12-09,139.96452545134943,143.14063172179561,138.54855479274573,139.78753662109375,76097000
2022-12-12,140.31847817047847,142.0884409898644,138.7058487137347,142.07861328125,70462700
2022-12-13,147.00502505789572,147.46718252429508,141.8328135242381,143.0422821044922,93886200
2022-12-14,142.9242617747897,144.21239680146076,138.80418622868987,140.81997680664062,82291200
2022-12-15,138.75505030022137,139.43353745953314,133.7598273780729,134.22198486328125,98931900
2022-12-16,134.4088086870883,135.35277902524194,131.4982009688156,132.2651824951172,160156900
2022-12-19,132.85516655290323,132.94366095306307,129.12842399506934,130.160888671875,79592600
2022-12-20,129.19723960857664,131.0261987808424,127.72227301817315,130.09205627441406,77432800
2022-12-21,130.76070405901197,134.52678732015247,130.5345467103143,133.18948364257812,85928000
2022-12-22,132.10783812958184,132.31432503613755,128.1254256005218,130.02320861816406,77852100
2022-12-23,128.7350936895975,130.21006041152802,127.47645662054781,129.65940856933594,63814900
2022-12-27,129.18743096288975,129.2169290987198,126.57181955561124,127.85995483398438,69007800
2022-12-28,127.505939784758,128.8432433891337,123.76936236246999,123.9365234375,85438400
2022-12-29,125.8540011982905,128.30244404039559,125.59834568207035,127.44696807861328,75703700
2022-12-30,126.26698977683235,127.78128236285382,125.30334153820444,127.76161193847656,77034200
2023-01-03,128.1057773178633,128.7154254385632,122.0977455022682,122.98272705078125,112117500
2023-01-04,124.77233620258212,126.51280092971427,122.9925456360047,124.25118255615234,89113600
2023-01-05,125.0083349534918,125.63765344479737,122.67789249421179,122.93354797363281,80962700
2023-01-06,123.907033324828,128.115596113896,122.80572219640975,127.45677947998047,87754700
2023-01-09,128.292610198386,131.18354745345354,127.72228791640812,127.97794342041016,70790800
2023-01-10,128.08609090104719,129.06940194282927,125.98180587179891,128.54824829101562,63896200
2023-01-11,129.05959971999454,131.2818777117784,128.2827904454057,131.26222229003906,69458900
2023-01-12,131.6457054280313,132.019353473187,129.2464237509339,131.1835479736328,71379600
2023-01-13,129.82655147153693,132.6683196907436,129.46273119909978,132.510986328125,57809700
2023-01-17,132.5798345273993,134.99877137842552,131.89151977321038,133.6713104248047,63646600
2023-01-18,134.53662257229425,136.29674271738915,132.7764874230637,132.9534912109375,69672800
2023-01-19,131.84235433638028,133.9761376268957,131.53753029546903,133.0124969482422,58280400
2023-01-20,133.02233471040634,135.71661273457056,131.98002726434026,135.56910705566406,80223600
2023-01-23,135.81491475833332,140.92814412125819,135.59858513124948,138.75502014160156,81760300
2023-01-24,137.9683546796287,140.77079684177573,137.9585269717819,140.15130615234375,66435100
2023-01-25,138.53869500355867,140.0529874380773,136.49340619294276,139.4925079345703,65799300
2023-01-26,140.7806101218581,141.84258762170543,139.53180116313032,141.55743408203125,54105100
2023-01-27,140.77080718806803,144.77287517943125,140.69214050710963,143.49456787109375,70555800
2023-01-30,142.5408222705282,143.12097237569157,140.46603468732607,140.613525390625,64015300
2023-01-31,140.31849689379183,141.93112656571586,139.90550801485074,141.8819580078125,65874500
2023-02-01,141.56728874190614,144.16322923439725,138.96152054070433,143.00291442871094,77663600
2023-02-02,146.4149779827907,148.65692549625814,145.69716527119672,148.30294799804688,118339000
2023-02-03,145.5595602225663,154.75352622762708,145.3629009773319,151.9215850830078,154357300
2023-02-06,150.02377712562708,150.54493079230497,148.26364190831887,149.19778442382812,69858300
2023-02-07,148.12597415973434,152.63936822302708,148.12597415973434,152.0690460205078,83322600
2023-02-08,151.31190929849808,152.0002240332312,148.64712974900903,149.38461303710938,64120100
2023-02-09,151.21359681759392,151.75442098443708,147.90967054867934,148.35215759277344,56007100
2023-02-10,147.19007494553122,149.04151212756338,146.95371454850684,148.71652221679688,57450700
2023-02-13,148.65744714640496,151.91717418893083,148.62790397291747,151.51341247558594,62199000
2023-02-14,149.80964612462722,151.4345954776921,148.56878800441328,150.8732452392578,61707600
2023-02-15,150.78461690781828,153.1383177826238,150.55811427879883,152.9709014892578,65573800
2023-02-16,151.17852906062296,153.95570692832584,151.02097051495025,151.37550354003906,68167900
2023-02-17,150.03617955770974,150.67630162569367,148.55896091432058,150.23313903808594,59144100
2023-02-21,147.91880821074704,149.0021077790729,146.15600076088242,146.2249298095703,58867200
2023-02-22,146.60900607426132,147.67260518894304,144.92498541296462,146.64840698242188,51011300
2023-02-23,147.81051980369892,148.05672295415894,145.0038129046831,147.13099670410156,48394200
2023-02-24,144.87579161340494,144.95457842977692,143.5069026114203,144.48187255859375,55469600
2023-02-27,145.46665970602933,146.90447752822308,145.21059884097443,145.6734619140625,44998500
2023-02-28,144.81670098117985,146.81586942805245,144.60004099931746,145.17123413085938,50547000
2023-03-01,144.600022862706,144.99394185647634,142.80765687884437,143.1031036376953,55479000
2023-03-02,142.1872231725768,144.481837933212,141.71450238763347,143.69398498535156,52238100
2023-03-03,145.79165662743975,148.8150386455079,145.09244806812092,148.7362518310547,70732300
2023-03-06,151.4542972077173,153.92618602775224,151.1293223291666,151.4936981201172,87558000
2023-03-07,151.3656431408717,151.69063299374776,148.83468341689917,149.29754638671875,56182000
2023-03-08,150.48917721139935,151.1391569879468,149.5240652876753,150.5482635498047,47204800
2023-03-09,151.22778082054958,152.19289270805663,147.9483539187185,148.30288696289062,53833600
2023-03-10,147.92866457828165,148.64757336129242,145.3681465462101,146.24462890625,68572400
2023-03-13,145.56511831219402,150.81417020284252,145.4567883472071,148.18472290039062,84457100
2023-03-14,148.98243524821328,151.07023295988367,147.82036369988242,150.2725372314453,73695900
2023-03-15,148.8937927615987,150.92250395033966,147.64307677577528,150.6664581298828,77167900
2023-03-16,149.84905684492745,154.08375312665916,149.33695019463687,153.48301696777344,76161100
2023-03-17,153.70954970993674,154.35952962100535,151.9368840556802,152.6459503173828,98944600
2023-03-20,152.71486085947325,155.4230948668754,151.80882025865256,155.00946044921875,73641400
2023-03-21,154.93066212810533,156.97905827516726,154.16249478915515,156.8608856201172,73938300
2023-03-22,156.88061300312046,159.6774765177441,155.41323716716616,155.4329376220703,75701800
2023-03-23,156.41776312286146,159.0964541870748,155.28521978995877,156.5162353515625,67622100
2023-03-24,156.44728881765926,157.90480687220796,155.45263376473136,157.81617736816406,59196500
2023-03-27,157.5108907515981,158.3282868109909,155.4723219600322,155.8760986328125,52390300
2023-03-28,155.57082346557496,156.0829301456233,153.6110412861723,155.25567626953125,45992200
2023-03-29,156.94956160428092,158.60405440029712,156.92987617396892,158.32830810546875,51305700
2023-03-30,159.07676882534926,160.0024950198449,158.8207229739758,159.8941650390625,49501700
2023-03-31,159.97293860815142,162.49405610459849,159.45098920585787,162.39556884765625,68749800
2023-04-03,161.77514833228696,163.76445869825218,161.7259047034759,163.6462860107422,56976200
2023-04-04,164.06975594835677,164.30610131295074,162.60238002597387,163.11448669433594,46278300
2023-04-05,162.2380152446489,162.54330471265868,159.34266411557562,161.27288818359375,51511700
2023-04-06,159.96309788102116,162.45468749786315,159.53963569062748,162.15924072265625,45390100
2023-04-10,158.96843186504725,159.5691680908203,157.6487867222166,159.5691680908203,47716900
2023-04-11,159.88431146406083,159.89415417908276,158.07224508795338,158.35784912109375,47644200
2023-04-12,158.77147274218814,159.59871163720814,157.35334033527027,157.66848754882812,50133100
2023-04-13,159.1752417539843,163.28190788405584,158.96842452673738,163.04554748535156,68445600
2023-04-14,162.09027277975596,163.794009087704,161.33197803499354,162.70086669921875,49386500
2023-04-17,162.58269264644778,162.87813940299813,161.53879379674336,162.72056579589844,41516200
2023-04-18,163.5773508935462,164.8674527745674,163.13417327770642,163.9417266845703,49923000
2023-04-19,163.2819130529251,165.60607111909823,163.02585218946155,165.08412170410156,47720200
2023-04-20,163.56748026442403,165.3204450523275,163.04553091898333,164.1189727783203,52456400
2023-04-21,162.54333712378204,163.9220688758568,161.9918444229521,162.5137939453125,58337300
2023-04-24,162.49404087672,163.08493430890758,161.40089854610392,162.81903076171875,41949600
2023-04-25,162.6811465088041,163.7841314779638,161.24331393654106,161.28271484375,48714100
2023-04-26,160.58352244501583,162.7698073781101,160.32747660698578,161.27288818359375,45498800
2023-04-27,162.68118215487013,165.99999552987848,162.68118215487013,165.85227966308594,64902300
2023-04-28,165.93103698503495,167.2703823718156,165.33030085507355,167.1029510498047,55275900
2023-05-01,166.70903856930101,167.86126725124362,166.07875924686118,167.0143280029297,52472900
2023-05-02,167.50674796522142,167.76280882251325,164.9954731830596,165.98028564453125,48425700
2023-05-03,166.9256982160475,168.32412999077732,164.62124085601573,164.90682983398438,65136000
2023-05-04,162.38569340694187,164.50303376107877,161.8145004912906,163.2720184326172,81235400
2023-05-05,168.38319327562917,171.65277713876873,168.16653337978053,170.93386840820312,113453200
2023-05-08,169.86046198141287,171.20966537396347,169.49608615179136,170.86497497558594,55962800
2023-05-09,170.42178299192224,170.90433143409618,168.99380806621033,169.16122436523438,45326900
2023-05-10,170.3922192288459,171.3868741888453,169.28921929352364,170.92401123046875,53724500
2023-05-11,171.2096322648924,171.9383837832071,169.55513971049686,171.11114501953125,49514700
2023-05-12,171.2196142676148,171.6535334613317,168.63584185680983,170.18414306640625,45533100
2023-05-15,170.76598190315437,170.81529363826058,169.09934457223466,169.69105529785156,37266700
2023-05-16,169.61215953124739,170.74625419954612,169.42478396654107,169.69105529785156,42110300
2023-05-17,169.3360433616003,170.53916250241704,168.06386972955488,170.302490234375,57951600
2023-05-18,170.60820660461047,172.81724313624747,170.19401507639674,172.62986755371094,65496700
2023-05-19,173.9513327998332,173.9513327998332,172.5213826746833,172.73834228515625,55809500
2023-05-22,171.5746815829952,172.2945999966471,171.05201016081833,171.79164123535156,43570900
2023-05-23,170.73642708015296,170.9829707500323,168.9119979039132,169.18812561035156,50747300
2023-05-24,168.724632860117,170.03624707165045,168.16252108250686,169.46426391601562,45143500
2023-05-25,170.02637505144457,171.49576564962197,169.31632809947834,170.59835815429688,56058300
2023-05-26,170.92377905521317,173.3399036765556,170.7166757800904,173.0045928955078,54835000
2023-05-30,174.51345913931758,176.51539231960112,174.12885165758402,174.8487548828125,55964400
2023-05-31,174.87836477742368,176.8704419237823,174.31623796446905,174.79946899414062,99625300
2023-06-01,175.24323239604442,177.62977324467488,174.4838737017158,177.60018920898438,68901800
2023-06-02,178.52719900186148,179.26683000310032,176.7816656255451,178.44830322265625,61996900
2023-06-05,180.10506441660397,182.39298156722955,175.57851175717974,177.09722900390625,121946500
2023-06-06,177.48186345973468,177.62978364684957,174.97697127382227,176.7323760986328,64848400
2023-06-07,175.97302631817985,178.70473461267676,174.86851540394252,175.36160278320312,61944600
2023-06-08,175.44043301517675,178.33978837820231,175.00652888652115,178.0735321044922,50214900
2023-06-09,178.99070336218668,179.71060666093933,178.13273621096323,178.4581756591797,48900000
2023-06-12,178.76388932505995,181.34766218390052,178.468033910057,181.24903869628906,54274900
2023-06-13,180.27275208218578,181.60407900123244,179.91772856087343,180.77569580078125,54929100
2023-06-14,180.8348010803695,181.84070321606907,179.50347462365866,181.4067840576172,57462900
2023-06-15,181.41667817053525,183.94128262941163,181.23915892536104,183.43832397460938,65433200
2023-06-16,184.14837692000424,184.40479194393566,181.72239585614398,182.3634033203125,101256200
2023-06-20,181.86048315364175,183.52712083284334,181.86048315364175,182.45217895507812,49799100
2023-06-21,182.34369383727915,182.84665255889604,180.06563271508736,181.4167022705078,49515700
2023-06-22,181.19971869233248,184.46395407144706,181.1306792503188,184.41464233398438,51245300
2023-06-23,182.9847233686237,184.96692915011988,182.45218058994394,184.09909057617188,53117000
2023-06-26,184.2470177435845,185.45015206010262,182.66913223239737,182.70858764648438,48088700
2023-06-27,183.32000947784528,185.78544616190248,183.10304984582174,185.4600067138672,50730800
2023-06-28,185.33181751858015,187.27458302156515,185.00639308619472,186.63357543945312,51216800
2023-06-29,186.46591313429835,187.44223149955704,186.3278492789131,186.96885681152344,46347300
2023-06-30,188.9806243235532,191.79121262094537,188.61572952588827,191.28826904296875,85213200
2023-07-03,191.10090642215079,191.19952989799955,189.10882958307744,189.79916381835938,31458200
2023-07-05,188.92148652956726,190.31198136153697,187.98460856583768,188.68479919433594,46920300
2023-07-06,187.21539208287066,189.36526064633148,186.5842409083175,189.1581573486328,45094300
2023-07-07,188.76369580404943,190.0062704618662,187.60987325439862,188.0437774658203,46815000
2023-07-10,186.6434031135775,187.36332142042107,184.4540942539423,186.0023956298828,59922200
2023-07-11,186.5447760995126,186.68283993061024,184.02017173211044,185.47970581054688,46638100
2023-07-12,187.05759515232103,189.04967210294507,185.86433228601203,187.1463623046875,60750200
2023-07-13,187.86627557643092,188.54673850979384,187.15622860664624,187.9057159423828,41342300
2023-07-14,187.59997248992855,188.53683526319492,187.00827681367923,188.05361938476562,41616200
2023-07-17,189.24692777767194,191.63348390558141,189.15817566199323,191.30804443359375,50520200
2023-07-18,190.6768691009351,191.64331601668746,189.75971887799713,191.05160522460938,48288200
2023-07-19,190.4303150490968,195.48938034906212,189.9865244553515,192.4026641845703,80507300
2023-07-20,192.39282446393295,193.75375040663724,189.8386355247165,190.45993041992188,59581200
2023-07-21,191.4164716546598,192.27443863277517,188.58614067832426,189.2863311767578,71951700
2023-07-24,190.73602285584008,192.21528467718613,189.59205676918674,190.08514404296875,45377800
2023-07-25,190.65714646634552,191.75180092732498,190.25281124926505,190.94313049316406,37283200
2023-07-26,190.99243214213982,192.9351972994816,190.64728006234532,191.8109588623047,47471900
2023-07-27,193.3099522093675,194.47363103189025,189.8879250921341,190.5486602783203,47460200
2023-07-28,191.97862287270013,193.9115318637554,191.45595149688123,193.12258911132812,48291400
2023-07-31,193.34940127389015,193.77346420221568,192.56045853696887,193.7340087890625,38824100
2023-08-01,193.52691923606866,194.01013518521242,192.5801849485631,192.90562438964844,35175100
2023-08-02,192.34346122833557,192.48152505166297,189.19757732195913,189.91748046875,50389300
2023-08-03,188.92148694956984,189.71041463976601,188.0536484329567,188.52700805664062,61235200
2023-08-04,182.95513345446872,184.7894189873242,179.40489853673822,179.47393798828125,115956800
2023-08-07,179.6119861039443,180.59816071157974,174.89807268327345,176.37733459472656,97576100
2023-08-08,177.20574441802665,177.77772758258462,175.12491507972354,177.31422424316406,67823000
2023-08-09,178.36941190145535,178.42857997538025,174.5627769846933,175.72647094726562,60378500
2023-08-10,176.99860916334498,178.25105509162734,175.14461118800062,175.50949096679688,54686900
2023-08-11,175.10462674008653,176.3883728930982,174.34424265962002,175.56874084472656,52036700
2023-08-14,175.74649049543365,177.44500246999712,175.09473274674426,177.21788024902344,43675600
2023-08-15,176.6451590301692,177.23765386072782,174.8380204140677,175.23301696777344,43622600
2023-08-16,174.91701484938284,176.30938743269644,174.29488099061055,174.364013671875,46964900
2023-08-17,174.92684921501044,175.2922216904398,171.3125728746346,171.82608032226562,66062900
2023-08-18,170.14734105941557,172.91236175457905,169.81159252872837,172.3099822998047,61172200
2023-08-21,172.88275833759562,173.92951274494206,171.56937297444222,173.64312744140625,46311900
2023-08-22,174.8478727981476,175.46012191641384,174.04799506153495,175.0157470703125,42038900
2023-08-23,176.28962468028294,179.28176749229362,176.1019960768648,178.8571319580078,52722800
2023-08-24,178.4127876208845,178.8374232276998,173.8110039705464,174.1763916015625,54945800
2023-08-25,175.16386577811136,176.91174101480664,173.62335841851225,176.3784942626953,51449600
2023-08-28,177.8400250704037,178.33377827348758,176.31927183489213,177.93878173828125,43820700
2023-08-29,177.45485051956086,182.58987943900078,177.25735230499546,181.8196258544922,53003900
2023-08-30,182.62942352828824,185.50307057198083,182.43192527543482,185.30555725097656,60813900
2023-08-31,185.49317264844964,186.75717945843076,185.1376697913831,185.52279663085938,60794500
2023-09-01,187.12261104992686,187.54723160980876,185.9277215617056,187.09298706054688,45766500
2023-09-05,185.92769881238064,187.60645663383806,185.26607135025952,187.3299560546875,45280000
2023-09-06,186.04621791679895,186.49060789475487,179.20280512864025,180.62481689453125,81755800
2023-09-07,172.99131387800804,175.983471267165,171.3718044532104,175.34158325195312,112488800
2023-09-08,176.12173147198052,177.98811753082185,175.56871535945672,175.95384216308594,65551300
2023-09-11,177.82026144859472,178.0473836718388,175.1243584797436,177.11912536621094,58953100
2023-09-12,177.2475449582567,177.87954850785982,172.6358914674074,174.09739685058594,90370200
2023-09-13,174.30473020059844,175.08486860955094,171.8063404869434,172.03347778320312,84267900
2023-09-14,171.82609096561458,173.89986015970092,171.4113401404273,173.5443572998047,60895800
2023-09-15,174.27512191376346,174.29487626046748,171.64836639188815,172.823486328125,109259500
2023-09-18,174.2751007250675,177.13887792290447,173.9689761950564,175.74649047851562,67257600
2023-09-19,175.30212586469654,177.38576479928514,174.91699900323943,176.832763671875,51826900
2023-09-20,177.0203888259045,177.45489404541186,173.20861358406935,173.29750061035156,58436200
2023-09-21,172.36922214048295,174.0973581099587,171.6878404044714,171.7569580078125,63149100
2023-09-22,172.48772049861157,174.86761425499944,171.87547142547365,172.60621643066406,56725400
2023-09-25,172.02359502231215,174.75899170155245,171.97421669351675,173.88011169433594,46172700
2023-09-26,172.63588402695854,173.01112622988728,169.5153600429677,169.81161499023438,64588900
2023-09-27,170.46333088230946,170.87808171574733,166.93794126401278,168.30068969726562,66921800
2023-09-28,167.2243401117975,169.8807348967939,165.52582779726043,168.55747985839844,56294400
2023-09-29,169.87084635964763,170.90773103963988,168.21182785802986,169.0709686279297,51861100
2023-10-02,169.08081880430257,172.12233981703872,168.79443355791753,171.57920837402344,52164500
2023-10-03,170.1078282132375,171.46072207785286,168.6858318118607,170.24607849121094,49594600
2023-10-04,168.95248795774452,172.03351856595242,168.83399199640513,171.49038696289062,53020300
2023-10-05,171.61869897615148,173.25796291419545,170.5225664715738,172.72471618652344,48527900
2023-10-06,171.6286058875163,175.76625988669193,171.0163417068709,175.2725067138672,57266700
2023-10-09,174.6009972191987,176.81301689163445,173.60362121945622,176.75376892089844,42390800
2023-10-10,175.87486944103904,177.4746247468579,175.72673446240606,176.16123962402344,43698000
2023-10-11,175.9736336691769,177.60302823490863,175.38113888285298,177.55364990234375,47551100
2023-10-12,177.8202822818536,180.0619109305439,176.80313684087554,178.45228576660156,56743100
2023-10-13,179.1533924067404,179.6570151987734,175.91437292525092,176.61550903320312,51427100
2023-10-16,174.5417330268598,176.84262444155877,174.3047260977915,176.48712158203125,52517000
2023-10-17,174.44299912050275,176.19088966345473,172.61612132571108,174.93675231933594,57549400
2023-10-18,173.38638119353993,175.36139405816417,172.92225196490105,173.64312744140625,54764400
2023-10-19,173.84059314667203,175.61810740546204,173.00122187734726,173.26785278320312,59302900
2023-10-20,173.11974130623128,173.2283676109075,170.48310107616433,170.72010803222656,64244000
2023-10-23,168.77469287243957,171.83595313524123,167.80692592091492,170.8385772705078,55980100
2023-10-24,170.88797493724758,171.50022404547477,169.30795876796012,171.27310180664062,43816600
2023-10-25,169.7325797223047,170.8978298690587,168.51793618108192,168.9623260498047,57157000
2023-10-26,168.24143389027685,169.23882483986895,163.60015755926395,164.80491638183594,70625300
2023-10-27,164.82468576422622,166.8490767618186,164.7456834493569,166.11831665039062,58499100
2023-10-30,166.90832288755587,169.03145545417337,166.7601878982554,168.16244506835938,51131000
2023-10-31,167.23421730907862,168.76484019690602,165.80232095364974,168.636474609375,44846000
2023-11-01,168.86355325507674,172.05319393081336,167.9945430130093,171.79644775390625,56934900
2023-11-02,173.32712561259646,175.55888462715336,173.26787764016203,175.3515167236328,77334800
2023-11-03,172.06311427874405,174.61088250590672,171.18423421755685,174.4429931640625,79829200
2023-11-06,174.17635419198152,177.18823614800198,174.00847994055556,176.99073791503906,63841300
2023-11-07,176.94138484513783,180.1606652677133,176.7340169447808,179.5484161376953,70530000
2023-11-08,180.07177947416378,181.15802736111343,179.32126504404005,180.6050262451172,49340300
2023-11-09,180.67415869856794,181.81965455110011,179.53851741631973,180.1310272216797,53763500
2023-11-10,181.91086536697577,184.48177017271385,181.47578777634308,184.31365966796875,66133400
2023-11-13,183.74018560328048,183.94782669363863,182.1482051958573,182.73159790039062,43627500
2023-11-14,185.59912547957174,186.00454008995078,184.21480130754796,185.342041015625,60108400
2023-11-15,185.7474572062222,187.3789832148446,185.67823345303117,185.90565490722656,53790500
2023-11-16,187.44820698590362,188.82264852852316,186.5384909930313,187.58663940429688,54412900
2023-11-17,188.12057839811112,188.24912816814668,186.4593894684262,187.5668487548828,50922700
2023-11-20,187.76462241033667,189.7620174322178,187.75473976876387,189.30715942382812,46505100
2023-11-21,189.26759612132614,189.37636552049437,187.61628985249988,188.50621032714844,38134500
2023-11-22,189.3467401313375,190.77061015607987,188.69412360666138,189.1687469482422,39617700
2023-11-24,188.73363999587542,188.76330300712377,187.13177703645835,187.84371948242188,24048300
2023-11-27,187.79426021241986,188.5358656068872,186.7856726513042,187.66571044921875,40552600
2023-11-28,187.65581951789036,188.9412718291061,187.28006797313506,188.2688751220703,38415400
2023-11-29,188.7633011569372,189.9399842182602,186.85491037465812,187.25042724609375,43014200
2023-11-30,187.7151899349547,188.18982834207452,186.08366378848976,187.82395935058594,48794400
2023-12-01,188.19969953750024,189.4159283197641,187.11200544734405,189.09951782226562,45704800
2023-12-04,187.85358512953687,187.92280887485518,185.35190415389414,187.3097381591797,43389500
2023-12-05,188.081033613139,192.2241233156588,188.05135551468544,191.25509643554688,66628400
2023-12-06,192.27356863697858,192.58009647341478,189.95976327032974,190.16741943359375,41089700
2023-12-07,191.4627450433353,192.81740609388598,191.42318430562543,192.0955810546875,47477700
2023-12-08,192.0263919187675,193.79636559429088,191.50232520965804,193.51950073242188,53406400
2023-12-11,190.94856782781682,191.32431940935732,189.2774811684409,191.0177764892578,60943700
2023-12-12,190.9189246189266,192.54056806660662,189.57414602172835,192.5306854248047,52696900
2023-12-13,192.90643617191267,195.78386938859322,192.66913204715806,195.74432373046875,70404200
2023-12-14,195.8036348613561,197.3857175620074,193.964452594447,195.8926239013672,66831600
2023-12-15,195.3190970971854,196.17935458626624,194.79503045579114,195.35865783691406,128538400
2023-12-18,193.89520715993984,194.42917151631295,192.214237877434,193.69744873046875,55751900
2023-12-19,193.96444926391277,194.7456004150459,193.69746706046115,194.7357177734375,40714100
2023-12-20,194.69616113684165,195.46742966263125,192.6493377685547,192.6493377685547,52242800
2023-12-21,193.90511142023345,194.87413831888384,191.33420648650613,192.50099182128906,46482500
2023-12-22,192.9953923922105,193.22282892375426,190.81013681243016,191.43309020996094,37149600
2023-12-26,191.44298138124012,191.719846217368,190.6717128965979,190.88925170898438,28919300
2023-12-27,190.33551208827305,191.3342019743918,188.9511728919884,190.9881134033203,48087700
2023-12-28,191.96707508718282,192.48125917871982,191.0079306668944,191.41334533691406,34049900
2023-12-29,191.72973752393827,192.2241411947973,189.5840274029703,190.3750762939453,42672100
2024-01-02,185.05528848269014,186.33085840634024,181.83178197139316,183.56219482421875,82488700
2024-01-03,182.15806587250447,183.79948946618282,181.37689972544035,182.18772888183594,58414500
2024-01-04,180.11123597031312,181.04071720671112,178.85546161628733,179.87393188476562,71983600
2024-01-05,179.95303087035154,180.71440156415224,178.15339449300276,179.15208435058594,62379700
2024-01-08,180.0519155054874,183.52263874374273,179.46852282651062,183.4830780029297,59144500
2024-01-09,181.86143345023166,183.07766218215258,180.68475037086026,183.06777954101562,42841800
2024-01-10,182.28661640904596,184.31365913260458,181.8614214601624,184.10601806640625,46792900
2024-01-11,184.4521049955326,184.9564063690912,181.5647895230864,183.5127410888672,49128400
2024-01-12,183.9775132511691,184.6499101684802,183.11725559073133,183.83908081054688,40477800
2024-01-16,180.1211286782067,182.19761480887055,178.90488492167398,181.57467651367188,65603000
2024-01-17,179.24109293861534,180.88250149305736,178.2819487070673,180.6352996826172,47317400
2024-01-18,184.0071435872404,187.02300881659582,183.75005912545993,186.5187225341797,78005800
2024-01-19,187.21088801676132,189.80155831594578,186.70660172518024,189.41592407226562,68903000
2024-01-22,190.14763349819026,193.14371820043874,190.1080727596782,191.71983337402344,60133900
2024-01-23,192.83720939883855,193.55903452389106,191.66052626402544,192.9954071044922,42355600
2024-01-24,193.23272951111284,194.18199120084623,192.16481576816378,192.32302856445312,53631300
2024-01-25,193.03497008475262,194.07322080915367,190.94858599423335,191.99671936035156,54822100
2024-01-26,192.09561130867766,192.58011726192578,189.79168833424328,190.2663116455078,44594000
2024-01-29,189.86089500402176,190.04877081575225,187.45810037105477,189.5840301513672,47145600
2024-01-30,188.80285272092348,189.65322753238257,185.37169046557113,185.935302734375,55859400
2024-01-31,184.94649475418208,185.0058358609704,182.28661602120093,182.33604431152344,55467800
2024-02-01,181.93068222666935,184.85754373397813,181.7625867762094,184.7685546875,64885400
2024-02-02,177.84689023760967,185.23328233515724,177.2437171517322,183.7698516845703,102551700
2024-02-05,186.0440863383638,187.1317803970082,183.75994390321247,185.579345703125,69668800
2024-02-06,184.76852130142626,187.19109601961685,184.67953227102765,187.18121337890625,43490800
2024-02-07,188.50625274957065,188.91166742752537,186.4989748215566,187.29002380371094,53439000
2024-02-08,187.27020463334281,187.41851968576853,185.25304448034683,186.21218872070312,40962000
2024-02-09,186.77650719907678,188.10321111496148,186.13296840440984,186.9745330810547,45155200
2024-02-12,186.54883497246297,186.79635226997033,184.93501735839288,185.29144287109375,41781900
2024-02-13,183.92515394948336,184.36078680146468,181.68758795653508,183.202392578125,56529500
2024-02-14,183.47957616063894,183.68748216998677,180.62817288870548,182.32118225097656,54630500
2024-02-15,181.727184392981,182.65785175424014,179.54903541760635,182.0341033935547,65434500
2024-02-16,181.5984737728991,183.0142804515248,179.86585283584154,180.49949645996094,49752500
2024-02-20,179.98466968931257,180.6183133605895,178.2124525032785,179.7569580078125,53665600
2024-02-21,180.13316833455778,181.0737309260645,178.86588113831095,180.5093994140625,41371400
2024-02-22,181.65787110291916,183.1231842228548,180.64801151557128,182.53903198242188,52292200
2024-02-23,183.17269052734747,183.2023913936763,180.42029946099493,180.70742797851562,45119700
2024-02-26,180.4302078946742,180.94503297704767,178.85598645977296,179.36093139648438,40867400
2024-02-27,179.3014951345761,182.09348175278842,177.77678047240937,180.81629943847656,54318900
2024-02-28,180.69750358801915,181.30144633523983,178.34114943443706,179.6183319091797,48953900
2024-02-29,179.46981142225187,180.75690414056305,177.74708592784262,178.95497131347656,136682600
2024-03-01,177.76690051629518,178.73716395290236,175.61845249589473,177.8758087158203,73563100
2024-03-04,174.40064432483445,175.14319605787904,172.06408093389737,173.361083984375,81510100
2024-03-05,169.0641855800497,170.33147275577412,167.93550746706842,168.4305419921875,95132400
2024-03-06,169.36121186741923,169.53943215491887,167.00484265804033,167.4404754638672,68587700
2024-03-07,167.47019012011697,169.03450118476172,166.81675596481475,167.32168579101562,71765100
2024-03-08,167.32166963491963,171.9749911536114,167.26226790901475,169.03448486328125,76267000
2024-03-11,171.22253935977105,172.64824117092596,170.34137853305091,171.034423828125,60139500
2024-03-12,171.43046672764987,172.30173241116674,169.31171935776177,171.50967407226562,59825400
2024-03-13,171.05423942259554,171.4700666239107,169.06419090034882,169.43052673339844,52488700
2024-03-14,171.19286456313577,172.57895536432744,170.34140446890183,171.28196716308594,72913500
2024-03-15,169.47010369924573,170.90570068359375,168.5988381717502,170.90570068359375,121752700
2024-03-18,173.82643054023092,175.94517770513775,171.7967859641753,171.9947967529297,75604200
2024-03-19,172.6086493883763,174.8561105550952,171.31166123855039,174.3313751220703,55215200
2024-03-20,173.97492929704185,176.8956298828125,173.3511809805003,176.8956298828125,53423100
2024-03-21,175.29172116809335,175.72735394947048,169.14338597139206,169.66812133789062,106181300
2024-03-22,170.05426688241553,171.33146450930536,168.37115239719608,170.56910705566406,71160100
2024-03-25,168.87610215909345,170.23249206020807,167.76721443821097,169.1533203125,54288300
2024-03-26,168.31174106723407,169.71763732680742,167.8959138727621,168.02462768554688,57388400
2024-03-27,168.71767294274684,171.87599567632833,168.42064920188324,171.5888671875,60273300
2024-03-28,170.0443614510728,170.51959037094832,168.81667037520143,169.77703857421875,65672700
2024-04-01,169.48992969134684,169.54933141950085,167.79690490268092,168.34144592285156,46240500
2024-04-02,167.40087579338118,167.65828830624176,166.55931106297376,167.1632537841797,49329500
2024-04-03,167.11376514661308,168.98499523543435,166.9058590852198,167.96522521972656,47691700
2024-04-04,168.59883533803097,170.2126525655396,167.14344787597656,167.14344787597656,53704400
2024-04-05,167.90581505219322,168.69787335368648,167.2721714324497,167.8959197998047,42104800
2024-04-08,167.35138730592178,167.51969724864153,166.56923932419392,166.7771453857422,37425500
2024-04-09,167.02464767080627,168.39094781013864,166.67813256359855,167.98501586914062,42373800
2024-04-10,167.12365945587084,167.4107728345435,165.45044033625643,166.11378479003906,49709300
2024-04-11,166.6682071669761,173.71750852250418,166.49000200344838,173.30166625976562,91070300
2024-04-12,172.52942533467058,176.5887144383463,172.47993396851362,174.79669189453125,101670900
2024-04-15,173.6185038309996,174.8758957155582,170.78690583147454,170.9750213623047,73531800
2024-04-16,170.04436539186383,172.0343988146065,166.59892920522176,167.69790649414062,73711200
2024-04-17,167.9256158132339,168.95528100035153,166.33160400390625,166.33160400390625,50901200
2024-04-18,166.36129252101995,166.96523521407434,164.8959946340493,165.38111877441406,43122900
2024-04-19,164.55941006923095,164.7475105290668,162.4505578172506,163.36141967773438,68149400
2024-04-22,163.8762094876148,165.59891971474525,163.1336578084027,164.19302368164062,48116400
2024-04-23,163.70792820716713,165.39104261951863,163.28219064755024,165.24252319335938,49537800
2024-04-24,164.88609429896647,167.6186945681344,164.55938480415762,167.3414764404297,48251800
2024-04-25,167.84640961058278,168.9156860278579,166.4801094484109,168.2028350830078,50558300
2024-04-26,168.1929553099538,169.63844783702467,167.49989480565932,167.61871337890625,44838400
2024-04-29,171.64826373021612,174.28185098854456,171.38095596804143,171.7769775390625,68169400
2024-04-30,171.6086653165762,173.25218351807536,168.31173366197407,168.63845825195312,65934800
2024-05-01,167.8959315377214,170.99485287185942,167.43059781958385,167.61871337890625,50383100
2024-05-02,170.79680537480178,171.69777183075684,169.19289835753364,171.3116455078125,94214900
2024-05-03,184.79635228384782,185.14288243826422,180.845987081213,181.558837890625,163224100
2024-05-06,180.53910014061182,182.3707188474722,178.62825898838415,179.90545654296875,78569700
2024-05-07,181.62815272879564,183.0637497391675,179.5193160584302,180.5885772705078,77305800
2024-05-08,181.0341248704048,181.25194126160505,179.64801918938014,180.9252166748047,45057100
2024-05-09,180.74701199258516,182.82616313989396,180.30148392023486,182.737060546875,48983000
2024-05-10,183.3120385724197,183.50040923773955,180.5658387363955,181.47793579101562,50759500
2024-05-13,183.84743912898392,185.49318663872077,183.0344740478803,184.6802215576172,72044800
2024-05-14,185.89965779253163,186.6828817403559,184.6901339480471,185.82034301757812,52393600
2024-05-15,186.2962297111884,189.01268886802714,185.76085876781028,188.09068298339844,70400000
2024-05-16,188.83421956137332,189.45881387860598,188.03117836935675,188.20962524414062,52845200
2024-05-17,187.8824709799172,189.1713095252472,187.55530322495105,188.2393798828125,41282900
2024-05-20,187.7040166341828,190.27176982167657,187.38675756521698,189.39932250976562,44361300
2024-05-21,189.44888573499304,191.07480055486454,189.28034753675723,190.6980743408203,42309400
2024-05-22,190.61877317517173,191.16405275409193,188.63594934473116,189.26052856445312,34648500
2024-05-23,189.3398501117122,189.35968258649532,185.02721720275102,185.2750701904297,51005900
2024-05-24,187.19839293954828,188.94327235106317,186.4250777783575,188.34841918945312,36327000
2024-05-28,189.86530324069457,191.3425125399711,187.4760118609873,188.35836791992188,52280100
2024-05-29,187.98162409974876,190.59895109353056,187.8824768517226,188.65577697753906,53068000
2024-05-30,189.12172393667825,190.52952698465035,188.99285067972127,189.6471710205078,49889100
2024-05-31,189.7959119633218,190.9162123421418,188.27905284340878,190.5989532470703,75158300
2024-06-03,191.24334718637152,193.31540952983562,190.86662095571478,192.3636474609375,50080500
2024-06-04,192.96841099700254,193.64257895328527,191.37223723797064,192.680908203125,47471400
2024-06-05,193.72188613227584,195.20900403542353,193.19643901671662,194.18785095214844,54156800
2024-06-06,194.0093990023229,194.81244022862765,192.50244866402238,192.80978393554688,41181800
2024-06-07,192.978343568532,195.2486855650071,192.47272888451312,195.19911193847656,53103900
2024-06-10,195.20900753042525,195.60558138834554,190.49980075281104,191.4614715576172,97010200
2024-06-11,191.98689659289002,205.3808802210458,191.96707924808354,205.37095642089844,172373300
2024-06-12,205.58909768640683,218.3089152196564,205.1231328450552,211.2401580810547,198134300
2024-06-13,212.8958066808934,214.888539245905,209.7827737762817,212.4001007080078,97862700
2024-06-14,212.01343611534222,213.32209192759066,209.48533280144244,210.6651153564453,70122700
2024-06-17,211.5375569916551,217.06963733267014,210.8931452933454,214.80921936035156,93728300
2024-06-18,215.72132373307375,216.75240063817128,211.1707464886947,212.4496612548828,79943300
2024-06-20,212.09275812722348,212.40010854906527,207.0563985691976,207.87925720214844,86172500
2024-06-21,208.58317289420788,210.07029091430852,205.33134270047418,205.7080841064453,241805100
2024-06-24,205.93610206103614,210.87332959032133,204.8158016590104,206.3524932861328,80727000
2024-06-25,207.35378999494392,209.56464939365068,206.8184342324815,207.2744903564453,55549700
2024-06-26,209.68362348048936,213.01476817493463,208.8310086144187,211.41859436035156,66213200
2024-06-27,212.8462361886446,213.88722177256454,210.5263358320774,212.2613067626953,49772700
2024-06-28,213.91695291908772,214.21437951883613,208.4939285392998,208.81117248535156,82542700
2024-07-01,210.2685364182596,215.6419868499251,210.09999821846176,214.88851928710938,60402900
2024-07-02,214.2936836981781,218.4873670751859,213.25271326862932,218.37831115722656,58046200
2024-07-03,218.11063203893852,219.64732360839844,217.1489612238199,219.64732360839844,37369800
2024-07-05,219.7464397478406,224.5052198536283,219.7464397478406,224.3961639404297,60412400
2024-07-08,225.1397532025748,225.89323602358715,221.33273465594922,225.86349487304688,59085900
2024-07-09,225.97252074204383,227.42989753320916,224.4259205051531,226.71607971191406,48076100
2024-07-10,227.3307526887298,231.07828847688273,227.28117906796422,230.97914123535156,62627700
2024-07-11,229.40281699319425,230.39422897123262,223.83108651749725,225.61563110351562,64710600
2024-07-12,226.9540218514806,230.64207551688347,226.71607753741577,228.5601043701172,53046500
2024-07-15,234.44910163171727,235.1926606193721,231.0882156126273,232.386962890625,62631300
2024-07-16,232.98182214446476,234.2409196318231,230.3347538954296,232.80337524414062,43234300
2024-07-17,227.4794799069808,229.47222770464353,224.6936146131452,226.9143829345703,57345900
2024-07-18,228.30231800055432,228.46094752609622,220.36111458394757,222.25469970703125,66034600
2024-07-19,222.88923571935766,224.8522270905052,221.36245288688534,222.38360595703125,49151500
2024-07-22,225.06043082550624,225.82382229500527,221.17409763275575,222.03663635253906,48201800
2024-07-23,222.44310313331528,224.9910392063895,220.7676144514488,223.07760620117188,39960300
2024-07-24,222.0762468879687,222.86937936668875,215.265252549738,216.6631317138672,61777600
2024-07-25,217.04981289629316,218.95333716975932,212.77682977395946,215.6221923828125,51391200
2024-07-26,216.8217851678197,217.6050090608147,214.15488466672127,216.08815002441406,41601300
2024-07-29,215.09674706599597,217.41664743865044,213.8971319294418,216.36575317382812,36311800
2024-07-30,217.30760956688079,218.4378186982869,214.26396731336547,216.92095947265625,41643800
2024-07-31,219.53827220377053,221.89783756706774,218.73523091700034,220.1727752685547,50036300
2024-08-01,222.44309097566543,222.55214689360594,215.15622233135366,216.48471069335938,62501000
2024-08-02,217.2679231335739,223.66254232334134,215.84030263063204,217.97183227539062,105568600
2024-08-05,197.3802115476467,211.6664621054212,194.3167520967801,207.47279357910156,119548600
2024-08-06,203.53686913101606,208.18659343179937,199.34320096724198,205.45028686523438,69660500
2024-08-07,205.12311510057037,211.80523672133984,204.61750047992084,208.01805114746094,63516400
2024-08-08,211.27982425167653,212.36045976406422,207.03658185433542,211.4781036376953,47161100
2024-08-09,210.27848952903548,214.91829038971974,210.1496011292121,214.3829345703125,42201600
2024-08-12,214.4623401059105,217.8767320905019,213.9958359256548,215.91146850585938,38028100
2024-08-13,217.380462936734,220.2390393048837,217.380462936734,219.6236572265625,44155300
2024-08-14,218.9288446755302,221.37053243582614,218.06530765715263,220.07028198242188,41960600
2024-08-15,222.92884083716766,223.67326036559285,221.10252008370475,223.04794311523438,46414000
2024-08-16,222.25391598005478,225.14226768918678,221.98592068094572,224.36807250976562,44340200
2024-08-19,224.0405257400108,224.30852103873067,221.38045847347976,224.20925903320312,40687800
2024-08-20,224.0901616619868,225.47973889834265,223.7725353535306,224.82464599609375,30299000
2024-08-21,224.83457153469638,226.2836998547364,223.37550792716294,224.7154541015625,34765500
2024-08-22,226.09511339685906,226.64102413052154,222.2340576918725,222.859375,43695300
2024-08-23,223.98097823318813,226.52192810531062,222.66087229355688,225.15219116210938,38677300
2024-08-26,225.07279660900764,225.58893181224732,222.22415556593285,225.4896697998047,30602200
2024-08-27,224.31844891527626,227.14724957253156,223.21670725505913,226.33334350585938,35934600
2024-08-28,226.22416240429726,228.149730282918,224.00082364270057,224.8048095703125,38052200
2024-08-29,228.3879521456165,231.18696212304621,227.1770283167567,228.0802459716797,51906300
2024-08-30,228.4772755570311,228.68570457235603,225.78743262658827,227.29612731933594,52990800
2024-09-03,226.84948058831634,227.2961293418145,219.52438650802387,221.11248779296875,50190600
2024-09-04,220.01074262314262,220.12984491677884,215.86183603349318,219.20677185058594,43840200
2024-09-05,219.9809527371486,223.80229748015876,219.87177059333374,220.72537231445312,36615400
2024-09-06,222.28368749781316,223.56409767944487,218.13479623481732,219.17698669433594,48423000
2024-09-09,219.17698492990527,219.62363365317324,215.0975649862482,219.2663116455078,67180000
2024-09-10,217.29114171411052,219.83209181891954,215.11743380788891,218.4722900390625,51591000
2024-09-11,219.81222755985956,221.43008920211523,216.26878297144034,221.0032958984375,44587100
2024-09-12,220.84449248276735,221.8866830044339,218.1844402475294,221.11248779296875,37455600
2024-09-13,221.91643313573508,222.3730019797634,220.25886075018875,220.84446716308594,36766600
2024-09-16,214.9288136198369,215.6037619118882,212.32831274384958,214.71046447753906,59357400
2024-09-17,214.14473138540643,215.28616885496612,212.9040318988166,215.17698669433594,45519300
2024-09-18,215.931307109631,221.05291740528648,215.92137182236397,219.04794311523438,59894900
2024-09-19,223.31597824995185,228.11004268622213,222.95865620671253,227.16709899902344,66781300
2024-09-20,228.25889437635817,231.35567496568984,225.9263736470506,226.50205993652344,318679900
2024-09-23,225.64847983003366,227.74278104335218,224.12986496132828,224.7849578857422,54146000
2024-09-24,226.94874349226038,227.64354731931365,224.05047131587074,225.6782684326172,43556100
2024-09-25,223.25638097071698,225.59882178569194,222.35316341740713,224.6856689453125,42308700
2024-09-26,225.608784129346,226.79985253593196,223.73284722402752,225.8271484375,36636700
2024-09-27,226.76013618443497,227.81224676693589,225.60876359989413,226.09510803222656,34026000
2024-09-30,228.32838978012126,231.26637268066406,227.94129216556473,231.26637268066406,54541900
2024-10-01,227.81225543239978,227.9412778656533,222.07526286618742,224.52688598632812,63285000
2024-10-02,224.20925878310885,225.67824256269316,221.360617941662,225.09263610839844,32880600
2024-10-03,223.46481998018766,225.12239234050705,221.65836976978886,223.99087524414062,34044200
2024-10-04,226.20429410810965,226.3035561118749,222.46235586119454,225.11248779296875,37245100
2024-10-07,222.8296017820206,224.01074997862722,219.68319006872073,220.04051208496094,39505400
2024-10-08,222.63110049734397,224.298593199742,221.58890998571715,224.0901641845703,31855700
2024-10-09,223.55414845411647,228.04052116337735,223.157130753936,227.8320770263672,33591100
2024-10-10,226.0851959438118,227.7923994519787,225.47973405841245,227.3358154296875,28183500
2024-10-11,227.59388209213523,227.7030642360917,225.64845893034402,225.85690307617188,31759200
2024-10-14,226.99836439928595,230.00581860221664,226.89911753216435,229.5790252685547,39882100
2024-10-15,231.87182665313995,235.7229623804217,230.6410474142004,232.11004638671875,64751400
2024-10-16,229.87678174389526,230.3929017691756,228.12986736523644,230.05543518066406,34082200
2024-10-17,231.69315867439417,232.11004699556463,228.8048220166126,230.4226837158203,32993800
2024-10-18,234.4226930307779,234.4226930307779,232.26884075534687,233.25148010253906,46431500
2024-10-21,232.7055644739604,235.08771628667242,232.7055644739604,234.720458984375,36254500
2024-10-22,232.1497589598997,234.46242459274853,230.86936376892484,234.1051025390625,38846600
2024-10-23,232.33831918874512,233.3904297884605,226.06533615950997,229.0430145263672,52287000
2024-10-24,228.26880958821053,229.10257100562325,226.71049918514768,228.85443115234375,31109500
2024-10-25,228.03062932515897,231.484732210271,227.86189602437614,229.68820190429688,38802300
2024-10-28,231.5839844241638,232.98348177622344,230.81970938626554,231.6633758544922,36087100
2024-10-29,231.36563017470797,232.5864741436605,230.59143496071306,231.93138122558594,35417200
2024-10-30,230.8792736886572,231.73287549326048,227.8420439394486,228.38795471191406,47070900
2024-10-31,227.63358238786932,228.11994197442104,223.693120129287,224.22911071777344,64370100
2024-11-01,219.32586653780092,223.67328184782377,218.6310779402587,221.25143432617188,65276700
2024-11-04,219.34570882983752,221.13230364643434,218.07523400035532,220.3581085205078,44944500
2024-11-05,220.14969745378525,222.28369429475046,219.49460455688452,221.78741455078125,28111300
2024-11-06,220.95368405362794,224.3879467919736,219.54425129715867,221.0628662109375,54561100
2024-11-07,222.95864433437472,226.18446269494834,222.89909318788202,225.7874298095703,42137700
2024-11-08,225.72782337627459,227.20836966100222,224.97265364792685,225.5191650390625,38328800
2024-11-11,223.5715733715174,224.26712634517858,220.0937933412938,222.80645751953125,42005600
2024-11-12,223.1244332571579,224.15782408060912,221.94198562097503,222.80645751953125,40398300
2024-11-13,222.5878574334345,225.21109667354565,221.3457931121334,223.69081115722656,48566200
2024-11-14,223.59146688403666,227.41701609796436,223.57158960851197,226.77114868164062,44923900
2024-11-15,224.96268496170848,225.4793879673537,222.84621765747355,223.5715789794922,47923700
2024-11-18,223.82001439888424,228.28151537171908,223.74052045447314,226.5724334716797,44633700
2024-11-19,225.53899960732684,228.69881907074455,225.22103903072198,226.83074951171875,36211800
2024-11-20,226.61216873586113,228.4702922716314,224.45594670445817,227.54620361328125,35169600
2024-11-21,227.42697481306035,228.6988476019872,224.27710117470866,227.0692596435547,42108300
2024-11-22,226.6121530455377,229.25526960886552,226.6121530455377,228.41065979003906,38168300
2024-11-25,229.99059491471002,231.76922452168117,228.2815130321861,231.39163208007812,90152800
2024-11-26,231.84870566104107,234.07449047305911,231.84870566104107,233.56771850585938,45986200
2024-11-27,232.98145117337265,234.19370712659864,232.32563759305353,233.4385223388672,33498400
2024-11-29,233.3192972938568,236.3002516789311,232.48463370489634,235.82330322265625,28481400
2024-12-02,235.76369091824088,239.26133321145704,235.654388648958,238.06895446777344,48137100
2024-12-03,238.28756099978403,241.21882985808793,237.3833345065081,241.10952758789062,38861000
2024-12-04,241.32811352991968,242.560246738831,239.71840309463144,241.46722412109375,44383900
2024-12-05,242.4410361127995,242.98753231090083,240.59284370740727,241.49705505371094,40033900
2024-12-06,241.36788746709487,243.0769692456264,240.5431549096241,241.29832458496094,36870600
2024-12-09,240.29475369946152,245.67041216886827,240.21525975684386,245.1835174560547,44649200
2024-12-10,245.32261857013248,246.63424582967986,243.7824557106041,246.19703674316406,36914800
2024-12-11,246.3858398593606,249.20780656351602,244.69662013013263,244.9251708984375,45205800
2024-12-12,245.32261935264157,247.1608807008323,244.12029436088807,246.38583374023438,32777500
2024-12-13,246.24670376010008,247.7073574078961,244.6767326870094,246.5547332763672,33155300
2024-12-16,246.4156487620838,249.7841268474892,246.07779571830554,249.44627380371094,51694800
2024-12-17,248.49237939681157,252.2185726786221,248.19428090188288,251.87078857421875,51356400
2024-12-18,250.559158393614,252.66569465886903,246.16722071424974,246.47525024414062,56774100
2024-12-19,245.92872280957204,250.40015413338242,245.5213220945425,248.2041778564453,60882300
2024-12-20,246.4653249902114,253.3811464831127,244.13025293349912,252.8743896484375,147495300
2024-12-23,253.15260355822258,254.02700659111463,251.84097626600598,253.64942932128906,40858800
2024-12-24,253.86804957710976,256.5707679464462,253.6693071300515,256.56085205078125,23234700
2024-12-26,256.5508929178466,258.44877099351584,255.99445048269988,257.3756103515625,27237100
2024-12-27,256.19314630806485,257.05764856283577,251.45343969164696,253.96737670898438,42355300
2024-12-30,250.6287005424076,251.8906421270002,249.15810064436016,250.59889221191406,35557500
2024-12-31,250.83738041728796,251.6720440162376,247.84647977817443,248.8302001953125,39480700
2025-01-02,247.34964638751123,247.51858047528103,240.28479918438643,242.30191040039062,55740700
2025-01-03,241.81500244140625,242.62978869554215,240.35433368778334,241.81500244140625,40244100
2025-01-06,242.75900387005615,245.7598357483754,241.6560500607284,243.4446258544922,45045600
2025-01-07,241.4374487975533,243.9911405526811,239.81780708502322,240.67234802246094,40856000
2025-01-08,240.3841632667122,242.16280789951685,238.52603985831155,241.15921020507812,37628900
2025-01-10,238.48630187104285,238.63535869995312,231.5208099984783,235.34637451171875,61710900
2025-01-13,232.04743903723335,233.18020116738663,228.26162915914,232.9119110107422,49630700
2025-01-14,233.25969544364762,234.62099318079112,230.99417118008773,231.7990264892578,39435300
2025-01-15,233.1503884256181,237.4429702030776,232.94171493841435,236.35987854003906,39832000
2025-01-16,235.8431702260379,236.49896863913588,226.58233172867128,226.8108673095703,71759100
2025-01-17,230.6463874145182,230.8153063545454,227.02949646555186,228.5199737548828,68488300
2025-01-21,222.57794445660952,222.99527628303537,217.9872792040061,221.22657775878906,98070400
2025-01-22,218.39466636780546,222.6971793763667,218.39466636780546,222.40902709960938,64126500
2025-01-23,223.3132271476291,225.5886822440662,220.88871524000126,222.24008178710938,60234800
2025-01-24,223.35296445648333,224.19757422629087,220.00436403066544,221.36566162109375,54697900
2025-01-27,222.5978054024586,230.67618150163648,222.5580508531902,228.40072631835938,94863400
2025-01-28,229.3844597561093,238.66516132615985,229.3447052045828,236.74740600585938,75707600
2025-01-29,232.63366934231402,238.33723404319062,232.52436707787834,237.8404083251953,45486100
2025-01-30,237.1548105184623,239.26134692510684,235.7040877651042,236.0816650390625,55658300
2025-01-31,245.62070152543137,245.62070152543137,231.9579942451269,234.50173950195312,100959800
2025-02-03,228.52991033796462,230.35822543026035,224.2671369795404,226.56246948242188,73063300
2025-02-04,225.80729852188347,231.64997406812495,225.21110156992967,231.3220672607422,45067300
2025-02-05,227.0791817096477,231.19289841511937,226.82083777153602,230.99417114257812,39620300
2025-02-06,229.8216702010973,232.31574540236795,228.96712922491054,231.7394256591797,29925300
2025-02-07,231.1233398047693,232.51444580894437,225.81722939017394,226.1848907470703,39707200
2025-02-10,228.36338248973718,229.378010419489,226.00582893863492,226.45346069335938,33115600
2025-02-11,227.000572314181,233.99362125199642,226.93094812871882,231.3973388671875,53718400
2025-02-12,229.98481838871234,235.71455375787428,229.4675472393098,235.62501525878906,45243300
2025-02-13,235.66481592241834,241.06626881430705,234.33186254170715,240.26052856445312,53614100
2025-02-14,239.981993568851,244.25939586817944,239.72336558929686,243.31439208984375,40896200
2025-02-18,242.86674847770814,243.8913336127375,240.56889220053384,243.18507385253906,48822500
2025-02-19,243.37408953874765,244.71698493563778,241.88197342314302,243.58297729492188,32204200
2025-02-20,243.65261174603793,245.48293716802547,243.006019001845,244.53793334960938,32316900
2025-02-21,244.65730623796546,247.38291051262547,243.93114730126698,244.25941467285156,53197400
2025-02-24,243.64263125957103,247.551982922016,243.1353173033831,245.80123901367188,51326400
2025-02-25,246.69650753214344,248.68599549611233,243.62275227067275,245.74154663085938,48013300
2025-02-26,243.04581476744292,243.69239232640413,237.87314875998453,239.0966796875,44433600
2025-02-27,238.15166004001364,241.1856322165831,235.81400561415145,236.05274963378906,41153600
2025-02-28,235.70459571566596,240.8175794410065,228.9900734891547,240.5688934326172,56833400
2025-03-03,240.51913191748446,242.7473638198223,234.8689935924468,236.77890014648438,47184000
2025-03-04,236.46061504010896,238.80821160759587,233.4465266012979,234.68995666503906,53798100
2025-03-05,234.18262069274581,235.30668622205877,228.02515316620742,234.50094604492188,47227600
2025-03-06,233.20778757123546,236.60981025581015,231.93451645578955,234.09310913085938,45170400
2025-03-07,233.8742532807345,240.10134501237943,233.5260868229449,237.81344604492188,46273600
2025-03-10,234.3019970725287,234.91874867921032,223.04150278970278,226.28436279296875,72071200
2025-03-11,222.63365113389432,224.65298022983382,216.30707871737093,219.67926025390625,76137400
2025-03-12,218.9829331071368,220.58447147788527,213.7804264853068,215.83953857421875,62547500
2025-03-13,214.81497612462363,215.70029772842102,207.3245545879158,208.5779266357422,61368300
2025-03-14,210.13967261110687,212.8254784087618,208.4784519318959,212.36790466308594,60107600
2025-03-17,212.18885305172668,214.08881784956162,208.86641153353526,212.87522888183594,48073400
2025-03-18,213.03437263106773,214.01915944879542,210.37840804794794,211.5720977783203,42432400
2025-03-19,213.0940604852241,217.6101915579757,212.6265295918345,214.10870361328125,54385400
2025-03-20,212.86527847830126,216.3468825511506,211.10457731145533,212.97470092773438,48862900
2025-03-21,210.44804823896536,217.68978368973626,210.16952111998106,217.12278747558594,94127800
2025-03-24,219.83843988574125,220.31591279023903,217.43116105321957,219.56985473632812,44299500
2025-03-25,219.60965673355645,222.92215637067883,218.9232808837126,222.57398986816406,34493600
2025-03-26,222.3352199198642,223.83729303324841,219.31120492080973,220.36563110351562,34466100
2025-03-27,220.22636977863218,223.80745418869535,219.40073045135125,222.67344665527344,37094800
2025-03-28,220.504904155295,222.6336557419088,216.5358700680628,216.7547149658203,39818600
2025-03-31,215.86937928840504,224.4341253115235,215.09348022110552,220.9624786376953,65299300
2025-04-01,218.65466729819107,222.5043215641154,217.74944665223015,222.01690673828125,36412700
2025-04-02,220.15674221426906,224.0063965120705,219.85831598824518,222.71322631835938,35905900
2025-04-03,204.4596791341039,206.39944211542388,200.19223396809613,202.12203979492188,103419000
2025-04-04,192.87092693410324,198.82944937179326,186.35535024633944,187.389892578125,125910900
2025-04-07,176.26862197387908,193.12952861035487,173.70218080411468,180.50624084472656,160466300
2025-04-08,185.71869040589692,189.33955773730443,168.32062862424334,171.5137481689453,120859500
2025-04-09,171.04621878540135,199.55558397169528,170.9865365771085,197.80484008789062,184395900
2025-04-10,188.0762635840202,193.7562435722064,182.0381599544528,189.41915893554688,121880000
2025-04-11,185.12186726950821,198.49121408156802,185.0820690088969,197.1085205078125,87435900
2025-04-14,210.32866545443895,211.82078139531484,200.10269875392328,201.45555114746094,101352900
2025-04-15,200.7990180691496,202.44033954558066,198.74984792281177,201.07754516601562,51343900
2025-04-16,197.31743142832593,199.64512887500646,191.35890907242805,193.24893188476562,59732400
2025-04-17,196.16350125239885,197.78493872612725,193.39811432307044,195.9446563720703,52164700
2025-04-21,192.25418258208256,192.78139570274652,188.8123615658979,192.14476013183594,46742500
2025-04-22,195.0892017003565,200.53045296496776,194.93999616163734,198.690185546875,52976400
2025-04-23,204.91724784553512,206.90673568869565,201.7340703321958,203.5246124267578,52929200
2025-04-24,203.81309077731203,207.73238443559362,201.87334307751462,207.27479553222656,47311000
2025-04-25,205.28531450927932,208.6475540878433,205.1162098506388,208.18002319335938,38222300
2025-04-28,208.89625889548412,210.38837503045187,206.36961558551846,209.0355224609375,38743100
2025-04-29,207.59312493762445,211.12446912484504,207.27479957627347,210.09988403320312,36827600
2025-04-30,208.19993964532281,212.45744310704663,205.58375784941018,211.38311767578125,52286500
2025-05-01,207.98108655162656,213.43227966302132,207.80202473083082,212.1988067626953,57365700
2025-05-02,205.0067917796952,205.9020705063368,201.09745506032002,204.27069091796875,101010600
2025-05-05,202.03252954096354,203.0272736250085,197.1682315771274,197.8446502685547,69018500
2025-05-06,197.1682179665783,199.59538061408486,195.98447015970467,197.4666290283203,51216500
2025-05-07,198.12317194216024,198.3917570874617,192.23428894820486,195.21852111816406,68536700
2025-05-08,196.68078271707188,198.99853803284546,193.65675249053749,196.45199584960938,50478900
2025-05-09,197.95404209190752,199.48594106569843,196.50170927536814,197.48651123046875,36453900
2025-05-12,210.13634313336473,210.435160708662,205.93301745006437,209.95704650878906,63775800
2025-05-13,209.59847136477597,212.55673652410627,208.17412935394688,212.08859252929688,51909300
2025-05-14,211.5905625216416,213.09460539099953,209.7478820292828,211.490966796875,49325800
2025-05-15,210.1164014721405,212.11846843107298,208.71196961705186,210.6144256591797,45029500
2025-05-16,211.52084551122164,211.73002236916358,208.9410837213976,210.42518615722656,54737900
2025-05-19,207.0884445111699,208.65223273202483,203.45285841572866,207.9550018310547,46140500
2025-05-20,206.84938410987283,207.64622592622177,204.2198167548668,206.04258728027344,42496600
2025-05-21,204.359243170771,206.2218487675542,199.9168759316908,201.29141235351562,59211800
2025-05-22,199.91690559460176,201.94883789272,198.91088686006037,200.5643310546875,46742400
2025-05-23,192.9047141233614,196.9187884239126,192.69555244631704,194.49839782714844,78432900
2025-05-27,197.51641281084125,199.94677348688452,196.64984031499387,199.4188690185547,56288500
2025-05-28,199.79734764673603,201.92889064401075,199.1100718095576,199.62802124023438,45339700
2025-05-29,202.77554227533128,203.0046291598645,197.72556941325453,199.15988159179688,51396800
2025-05-30,198.5821728136608,201.1619498266407,196.00241099917397,200.05633544921875,70819900
2025-06-02,199.488582384924,201.33127809714276,199.32921098525782,200.90296936035156,35423300
2025-06-03,200.55437033168948,202.96480586317466,200.16591202699755,202.46678161621094,46381600
2025-06-04,202.10818013514051,205.42502305946414,201.30138338029005,202.01853942871094,43604000
2025-06-05,202.69585814733983,203.94091870107042,199.35908978394463,199.8372039794922,55126100
2025-06-06,202.19783403313102,204.8871617909174,201.2515910514923,203.11419677734375,46607700
2025-06-09,203.58234611432158,205.18598475848052,199.22961916524454,200.65396118164062,72862600
2025-06-10,199.80734330812555,203.54252533508333,199.77746306778945,201.86915588378906,54672600
2025-06-11,202.6958722895077,203.69192080198684,197.62598900862739,197.99452209472656,60989900
2025-06-12,198.29333609984755,198.890956077424,196.58013147350607,198.41285705566406,43904600
2025-06-13,198.94074360607502,199.57821397711425,194.92666975119658,195.6737060546875,51447300
2025-06-16,196.52037110088898,197.90487790098294,195.78328974313985,197.6359405517578,43020700
2025-06-17,196.42074594971083,197.60604600468164,194.43861931524052,194.86691284179688,38856200
2025-06-18,195.16573699325735,196.7893008408277,194.2991796996429,195.80320739746094,45394700
2025-06-20,197.45664606001856,200.90296511361447,196.08209436431653,200.2057342529297,96813500
2025-06-23,200.83325703321927,201.50060768152076,198.17380945321412,200.70376586914062,55814300
2025-06-24,201.78944331230142,202.63609053842802,199.40888822531906,199.5084991455078,54064000
2025-06-25,200.65395335177794,202.8651820841085,199.82723133036671,200.76351928710938,39525700
2025-06-26,200.63402778217431,201.83925306874522,198.67182635942322,200.2057342529297,50799100
2025-06-27,201.09221242791352,202.41695863400855,199.20968154525062,200.28541564941406,73188600
2025-06-30,201.211736268348,206.57048164253425,198.4726031076903,204.3592529296875,91912800
2025-07-01,205.85332972802502,209.35942450018746,205.3254252695324,206.99879455566406,78788900
2025-07-02,208.08450527048316,212.49699303139835,207.3175436349344,211.60055541992188,67941800
2025-07-03,211.31166931275297,213.8017903991559,210.97301649264048,212.70614624023438,34955800
2025-07-07,211.8395692407974,215.37554414763466,207.97491173225177,209.120361328125,50229000
2025-07-08,209.26980118177752,210.59453234535175,207.62631199643187,209.18014526367188,42848900
2025-07-09,208.70202548866368,210.49491569520316,206.40115605631001,210.3056640625,48749400
2025-07-10,209.67817732396114,212.63644276910486,209.20007826975964,211.5706787109375,44443600
2025-07-11,209.73794232575938,211.29177557167307,209.03074119537857,210.3256072998047,39765800
2025-07-14,209.10046017794556,210.0765986782557,206.71990480407712,207.79563903808594,38840100
2025-07-15,208.39325734338402,211.05270487364396,208.09443976951917,208.28369140625,42296300
2025-07-16,209.4689902412225,211.5606828488181,207.8155461810567,209.3295440673828,47490500
2025-07-17,209.7379389650813,210.9630743588066,208.7618004967043,209.1901092529297,48068100
2025-07-18,210.03674740882613,210.95311022715865,208.87137245947412,210.34552001953125,48974600
2025-07-21,211.2618775331451,214.92732845073886,210.7937335563828,211.64036560058594,51377400
2025-07-22,212.29779492257288,214.10064043071336,211.39138706205625,213.5528106689453,46404100
2025-07-23,214.15041924441525,214.29982043425818,211.57065737650467,213.30377197265625,46989300
2025-07-24,213.05475989741393,214.83769515517375,212.68622683006964,212.91531372070312,46022600
2025-07-25,213.85160291428238,214.38947759784276,212.5567368669443,213.03485107421875,40268800
2025-07-28,213.18425263148458,214.00101967144602,212.2180844005514,213.2041778564453,37858000
2025-07-29,213.33363944545516,213.96115480223384,209.9869314052821,210.43515014648438,51411700
2025-07-30,211.06265157316113,211.55072076453234,206.89917652304968,208.2239227294922,45512500
2025-07-31,207.66614913739534,209.01080544085684,206.3414028602417,206.74978637695312,80698400
2025-08-01,210.03673342752194,212.73603143542957,200.7037642416869,201.58029174804688,104434500
2025-08-04,203.70188303605903,207.058576977071,200.88306382200804,202.54647827148438,75109300
2025-08-05,202.59624780213056,204.52858421879685,201.36115745633876,202.11814880371094,44155100
2025-08-06,204.81744899810374,214.52892145014,204.77759854868273,212.40733337402344,108483100
2025-08-07,218.01508808955717,219.97730473834642,215.7241736307253,219.16053771972656,90224800
2025-08-08,219.95738825778145,230.08719950298993,218.38362983130105,228.4437255859375,113854000
2025-08-11,227.27701087414155,228.91238364576833,224.12592192869855,226.53909301757812,61806100
2025-08-12,227.36673308681236,230.14887046423402,226.42939779448272,229.00210571289062,55626200
2025-08-13,230.4181341091737,234.33703985510917,229.77992501054072,232.6717529296875,69878500
2025-08-14,233.39969406647393,234.4567012802976,230.19875827485632,232.12330627441406,51916300
2025-08-15,233.3398655982593,233.61907447658757,228.69300821277216,230.93666076660156,56038700
2025-08-18,231.04634466466607,232.46233685580373,229.46083388892833,230.23863220214844,37476200
2025-08-19,230.6275464777077,232.21305735738468,228.70299840660482,229.90957641601562,39402600
2025-08-20,229.33119207499826,229.81981519856654,225.13307755654054,225.3723907470703,42263900
2025-08-21,225.63166356522294,225.88095827873425,223.14868274098328,224.26551818847656,30621200
2025-08-22,225.53193619713707,228.44369658121065,224.77408575714253,227.11744689941406,42477800
2025-08-25,225.84107546750252,228.65312729963858,225.59178073979155,226.5191650390625,30983100
2025-08-26,226.22996704217394,228.84258604761433,224.05612439304167,228.6630859375,54575100
2025-08-27,227.96506627689797,230.24859923631865,227.6160475796746,229.8397674560547,31259500
2025-08-28,230.16883391080088,232.7515235304584,228.692998228932,231.90391540527344,38074700
2025-08-29,231.85405874294378,232.7216147258446,230.71727541448905,231.485107421875,39418400
2025-09-02,228.60325464814514,230.19874691737337,226.3296880547272,229.07192993164062,44075600
2025-09-03,236.5408165177042,238.17618932549604,233.69885053091846,237.79725646972656,66427800
2025-09-04,237.77731160532718,239.2232180033205,236.07214416452067,239.1035614013672,47549400
2025-09-05,239.32291694518142,240.63920029193574,237.81718240373485,239.0137939453125,54870400
2025-09-08,238.62490021245955,239.47249309970456,235.67324414176576,237.2089080810547,48999500
2025-09-09,236.33139119913957,238.1063683630383,232.70166073618753,233.68887329101562,66313900
2025-09-10,231.53498298240493,231.7643298806428,225.31258085277642,226.15020751953125,83440800
2025-09-11,226.23995033725743,229.7998710451417,226.010588238333,229.3810577392578,50208600
2025-09-12,228.5733443098202,233.84841389514688,228.3739115767776,233.40966796875,55824200
2025-09-15,236.33139853346725,237.5180438551372,234.36695488957946,236.03224182128906,42699500
2025-09-16,236.51088466190768,240.53949594661788,235.65332541334,237.4781494140625,63421100
2025-09-17,238.2958480596019,239.42266510979977,237.05934071942244,238.3157958984375,46508000
2025-09-18,239.2930082114909,240.51953392817583,235.98236714862816,237.2089080810547,44249600
2025-09-19,240.54944568604057,245.60514967420656,239.53233423145286,244.80740356445312,163741300
2025-09-22,247.5995237986898,255.9160073848096,247.42002368458668,255.35755920410156,105517400
2025-09-23,255.15814081026073,256.6140134777918,252.86462630601793,253.71221923828125,60275200
2025-09-24,254.49999981420794,255.01853710208397,250.33178410429736,251.59820556640625,42303700
2025-09-25,252.4956917858775,256.44452717224715,250.99992334214926,256.1453552246094,55202100
2025-09-26,253.38315498635407,256.87328100426123,253.06405044687503,254.73931884765625,46076300
2025-09-29,253.84185736381545,254.28061851263055,252.29622703166862,253.71221923828125,40127700
2025-09-30,254.1410137555297,255.1980209495745,252.39595068950493,253.9116668701172,37704300
2025-10-01,254.3205078449461,258.05994405161016,254.21081755391603,254.72935485839844,48713900
2025-10-02,255.85613542550084,257.45162766856953,253.43299812845933,256.40460205078125,42630200
2025-10-03,253.9515436206674,258.5086431914624,253.23357360959045,257.2920837402344,49155600
2025-10-06,257.2621712100349,258.3391414491699,254.33047806472084,255.96585083007812,44664100
2025-10-07,256.0854948355218,256.67382669789566,254.70938317067183,255.75643920898438,31955800
2025-10-08,255.79633660873378,257.7906945345413,255.38748958216482,257.3320007324219,36496900
2025-10-09,257.082687156571,257.2721535801604,252.42586356688122,253.3233184814453,38322000
2025-10-10,254.2207817432353,255.6567217403356,243.3116425485481,244.57806396484375,61999100
2025-10-13,248.6764678182016,248.98559082884384,244.86723728717817,246.96131896972656,38142900
2025-10-14,245.90431694508948,248.14796941642882,244.00966795095763,247.07101440429688,35478000
2025-10-15,248.78616738422895,251.10959602979932,246.77186176083558,248.63658142089844,33893600
2025-10-16,247.54966879270205,248.33743345063007,244.43847540742667,246.75192260742188,39777000
2025-10-17,247.3203043073955,252.66518358811555,246.57242016484557,251.5782470703125,49147000
2025-10-20,255.168106265739,263.63416054313814,254.90884523128253,261.50018310546875,90483000
2025-10-21,261.1412435480521,264.54162761794373,261.0913663387469,262.0287170410156,46695900
2025-10-22,261.9090191460537,262.1084670888602,254.70938662410154,257.72088623046875,45015300
2025-10-23,259.206686997747,259.8847613495841,257.28213901467177,258.8476867675781,32754900
2025-10-24,260.4531458541269,263.3848541030092,258.44880663072195,262.07855224609375,38253700
2025-10-27,264.13276036080543,268.36078929414754,263.90339825112477,268.0516662597656,44888200
2025-10-28,268.23113785786586,269.12862319727753,267.39351124836816,268.2411193847656,41534800
2025-10-29,268.5203194424725,270.6443152614699,266.35642794866993,268.93914794921875,51086700
2025-10-30,271.2226702585742,273.36662916750566,267.72259312931254,270.63433837890625,69886500
2025-10-31,276.2085891024436,276.53767519933945,268.40069127196034,269.6072692871094,86167100
2025-11-03,269.65711516237894,270.08589475979994,265.49886601188945,268.29095458984375,50194600
2025-11-04,267.5730004152706,270.72408938596277,266.86501191822913,269.2781982421875,49274800
2025-11-05,267.8522167164328,270.9335263776032,266.17696342424256,269.3779296875,43683100
2025-11-06,267.1342708755924,272.6287059365568,267.1342708755924,269.0089416503906,51204000
2025-11-07,269.03885049148494,271.5218466038475,266.0173996929098,267.7126159667969,48227400
2025-11-10,268.46122924118225,273.22240319845355,266.96401085683,268.93035888671875,41312400
2025-11-11,269.3096487524697,275.3983427074405,269.2996575494418,274.73956298828125,46208300
2025-11-12,274.49002155435767,275.2186787593472,271.19615348009904,272.9628601074219,48398000
2025-11-13,273.6016697208788,276.1868935731559,271.5854266195937,272.44384765625,49602800
2025-11-14,270.54732197227213,275.44821996704485,269.10002929321837,271.9048156738281,47431300
2025-11-17,268.3214829895084,269.98836893107386,265.237217022597,266.9639892578125,45018300
2025-11-18,269.48932037088264,270.2079864201871,264.8279974843966,266.9440612792969,45677300
2025-11-19,265.0375710636542,271.7051756343288,265.00762791735707,268.06195068359375,40424500
2025-11-20,270.327749378444,274.91922505965954,265.42688147061517,265.7562561035156,45823600
2025-11-21,265.4568071090486,272.8230952896135,265.17732758833057,270.98651123046875,59030800
2025-11-24,270.397615191446,276.4863089537433,270.397615191446,275.4083251953125,65585800
2025-11-25,274.75953066216096,279.8600705608694,274.73957871594786,276.4563903808594,46914200
2025-11-26,276.44637611579356,279.01161742605893,276.1170014953278,277.0352783203125,33431400
2025-11-28,276.7458380127342,278.4826014787427,275.4781737009374,278.3328857421875,20135600
2025-12-01,277.4944549964911,282.89442609469603,275.62792768573877,282.57501220703125,46587700
2025-12-02,282.47518456741903,286.86701880065203,282.10587559562896,285.6592712402344,53669500
2025-12-03,285.6692634925469,288.0847586222564,282.77461708045536,283.623046875,43538700
2025-12-04,283.5731318378766,284.20196835267484,278.07334059490756,280.179443359375,43989100
2025-12-05,280.01974631085085,280.6186397013617,277.53434330937836,278.26300048828125,47265800
2025-12-08,277.6142094762677,279.15136205700173,275.6378704438954,277.3746643066406,38211800
2025-12-09,277.64414811825674,279.5106752769474,276.40645748061854,276.66595458984375,32193300
2025-12-10,277.23491184461454,279.2312028389952,275.92734368017386,278.26300048828125,33038300
2025-12-11,278.5824273392719,279.07150890817053,273.3022288840155,277.514404296875,33248000
2025-12-12,277.38464634485007,278.70220580092337,276.30666253778065,277.7639465332031,39532900
2025-12-15,279.63046152672615,279.63046152672615,272.33402020742307,273.6016540527344,50409100
2025-12-16,272.3140798989353,274.9891026980292,271.2859911871425,274.1007385253906,37648600
2025-12-17,274.50001118897205,275.6478724530811,271.13626563598973,271.33587646484375,50138700
2025-12-18,273.1025913325419,273.12257373871984,266.4549687260805,271.68524169921875,51630700
2025-12-19,271.6453053723066,274.09077415448866,269.399477884542,273.1625061035156,144632000
2025-12-22,272.3539780142796,273.37210596231955,270.00836035897595,270.4674987792969,36571800
2025-12-23,270.3377490962612,271.99467443806464,269.06012395403746,271.85491943359375,29642000
2025-12-24,271.8349404799371,274.9192064044749,271.69521595033444,273.3022155761719,17910600
2025-12-26,273.65157518449314,274.859322715931,272.35396775197984,272.8929748535156,21521800
2025-12-29,272.1843267483383,273.8512128461511,271.8449608988494,273.2523498535156,23715200
2025-12-30,272.304089543875,273.5717234473003,271.77507361210075,272.5735778808594,22139600
2025-12-31,272.553621806917,273.17246717497864,271.24605357156486,271.3558349609375,27293600
2026-01-02,271.75509761912826,277.32473598417806,268.5011336129586,270.5074157714844,37838100
2026-01-05,270.1381104139889,271.0064921177503,265.6464557026853,266.7643737792969,45647200
2026-01-06,266.504853430471,267.0538212812338,261.6338984265986,261.8734436035156,52352100
2026-01-07,262.71190159101934,263.1909919246956,259.32817380451803,259.8471984863281,48309800
2026-01-08,256.5433578451618,258.80916773471864,255.22581364132833,258.55963134765625,50419300
2026-01-09,258.5995368285105,259.7274461787287,255.74485516422806,258.8890075683594,39997000
2026-01-12,258.6794199598783,260.8154357257053,256.32378048041085,259.76739501953125,45263800
2026-01-13,258.24022168851656,261.3244878277737,257.9108470550362,260.5658874511719,45730800
2026-01-14,259.0087756526009,261.33447181199796,256.23393227813756,259.4779052734375,40019400
2026-01-15,260.1666175851947,260.5559089501236,256.5732877053955,257.73114013671875,39388600
2026-01-16,257.4217372195352,258.41988279267105,254.45724364888233,255.05613708496094,72142800
2026-01-20,252.26132447540706,254.31750190322293,242.9685916985444,246.2425079345703,80267500
2026-01-21,248.23880604127606,251.09350304772093,244.72532928784554,247.1907501220703,54641700
2026-01-22,248.737864640942,250.53452965267718,247.68980878155546,247.8894500732422,39708300
2026-01-23,246.86136630134166,248.94748685874615,244.22624741136653,247.58001708984375,41689000
2026-01-26,251.01363570547153,256.08421686766076,249.336758511775,254.9363555908203,55969200
2026-01-27,258.68937090303496,261.46421404872183,257.73112933459527,257.791015625,49648300
2026-01-28,257.17220993748055,258.3799575946877,254.03803333601454,255.96446228027344,41288000
2026-01-29,257.52154586161765,259.16847988830324,253.93820707645818,257.801025390625,67253000
2026-01-30,254.69678984095313,261.41430490835,251.7123292610244,258.9988098144531,92443400
2026-02-02,259.5478036352127,269.98839826257677,258.7293169184304,269.5093078613281,73913400
2026-02-03,268.70080609664296,271.3758289780004,267.11372779647115,268.98028564453125,64394700
2026-02-04,271.7850411492978,278.432693698261,271.7850411492978,275.97723388671875,90545700
2026-02-05,277.6142303156022,278.98168486317746,272.72332314901723,275.3983459472656,52977400
2026-02-06,276.6060720438839,280.3890519626743,276.4164219647768,277.6042175292969,50453400
2026-02-09,277.6541982366954,277.9439398399519,271.4499228389202,274.3672180175781,44623400
2026-02-10,274.6369782150198,275.11651686144285,272.68876099546605,273.4280700683594,34376900
2026-02-11,274.44714753122867,279.92208361183503,274.1973776592452,275.24639892578125,51931300
2026-02-12,275.3363333447182,275.46621856633783,259.94051360693726,261.4891052246094,81077200
2026-02-13,261.7688319830923,261.9886306947134,255.21485759663088,255.5445556640625,56290700
2026-02-17,257.8124646511843,266.0449008431299,255.30478047881587,263.6371154785156,58469100
2026-02-18,263.35737977838915,266.57441720150126,262.20844437502524,264.106689453125,34203300
2026-02-19,262.35827847824623,264.2365527856389,259.81060750150084,260.3401184082031,30845300
2026-02-20,258.73163460792017,264.5063132392292,257.9223826043077,264.3364562988281,42070500
2026-02-23,263.24744081710827,269.1819753311392,263.13755670993424,265.9349670410156,37308200
2026-02-24,267.61343657617186,274.6369951599546,267.46358073991865,271.8895263671875,47014600
2026-02-25,271.5298429675081,274.6869380517792,270.8005039088116,273.97760009765625,33714300
2026-02-26,274.6969199809464,275.8558253670768,270.55071567552415,272.6987609863281,32345100
2026-02-27,272.5588900215503,272.5588900215503,262.6480379442022,263.93682861328125,72366500
2026-03-02,262.16844722421786,266.2846497598317,259.960490133898,264.476318359375,41827900
2026-03-03,263.23749216234586,265.31556422164516,259.8905695547566,263.5072326660156,38568900
2026-03-04,264.4063951364299,265.9050144519466,261.179387723623,262.2783508300781,39803100
2026-03-05,260.54995479568396,261.3192350446657,257.01320478174756,260.0504150390625,49658600
2026-03-06,258.39192833924307,258.53178361058343,254.13584003818684,257.2229919433594,41120000
2026-03-09,255.45463216869055,260.9095975388004,253.44647267699952,259.6407775878906,38218500
2026-03-10,257.4128391437035,262.2384104290217,256.71350175461305,260.58990478515625,30590800
2026-03-11,260.8496568052655,261.888707997661,259.3110658747261,260.5699157714844,26218900
2026-03-12,258.4219063383753,258.71164792954545,253.94601921584928,255.52456665039062,40794000
2026-03-13,255.24483747003174,256.0940459350445,249.29033192864068,249.8897705078125,36930000
2026-03-16,251.87794235419486,253.6563027081548,249.6499992581203,252.58729553222656,32074200
2026-03-17,252.72716690012706,254.89516767044782,251.94787083452104,253.99598693847656,32361600
2026-03-18,252.3974721128864,254.70534343896443,248.7708084606242,249.70994567871094,35757900
2026-03-19,249.17043241392184,251.5982036354298,247.0723745163624,248.73085021972656,34864100
2026-03-20,247.7517334570195,248.97061168291066,245.77356028907465,247.76173400878906,88331100
2026-03-23,253.73622734962268,254.3656523266213,250.0496214753341,251.25851440429688,40546100
2026-03-24,250.1195650925759,254.5954370944537,249.32029842391177,251.4083709716797,45152300
2026-03-25,253.86611511385965,254.76528059453105,251.3684162845015,252.38746643066406,28476700
2026-03-26,251.88793104116345,256.76344411909713,250.53918279672283,252.6572265625,41796700
2026-03-27,253.666280215245,255.2548282141602,247.8416601166152,248.57098388671875,47900000
2026-03-30,249.83982057534305,250.63907198816298,245.28400520065438,246.40298461914062,39446200
2026-03-31,247.6818040942864,255.24482803058763,246.87255213324852,253.55638122558594,49598100
2026-04-01,253.8461228128272,255.94418062939917,253.096813183035,255.3946990966797,40059400
2026-04-02,253.96601496217014,255.89424639361263,250.4192795609811,255.68443298339844,31289400
2026-04-06,256.27389167390277,261.9186847371787,256.2239194053331,258.6217041015625,29329900
2026-04-07,255.92421782448065,255.96418954301222,245.47383916108728,253.26666259765625,62148000
2026-04-08,258.2121146377317,259.51090582044134,256.29386854025813,258.66168212890625,41032800
2026-04-09,258.7615948993736,260.879638597066,255.8342992320816,260.2502136230469,28121600
2026-04-10,259.7406946341393,261.94865175168746,258.78155637925676,260.240234375,31291500
2026-04-13,259.49093671136296,259.9405042051452,256.4237552437805,258.96142578125,36234700
2026-04-14,259.01136264890187,261.68888841493145,256.9532612999924,258.59173583984375,48370700
2026-04-15,257.92237663273806,266.3146386359468,257.57269269729437,266.18475341796875,49913500
2026-04-16,266.55439590858066,266.91408037974617,261.0294875448873,263.15753173828125,43323100
2026-04-17,266.7142527536172,272.0493335842862,266.47448343207725,269.98126220703125,61436200
2026-04-20,270.08114756253855,274.0275237795767,270.04120633500696,272.79864501953125,36590200
2026-04-21,271.250098918132,272.5488901425708,265.1557075406741,265.9250183105469,50209800
2026-04-22,267.5734973129919,273.48803128351057,266.62435952726383,272.9185791015625,43249200
2026-04-23,274.79681820267325,275.5161566987003,271.39995382845746,273.1783142089844,33399600
2026-04-24,272.50893317942314,272.80864483253174,269.4017800912603,270.81048583984375,38157100
2026-04-27,265.84505761361925,268.1129570778125,264.8260075108844,267.3636474609375,41466800
2026-04-28,272.0893199684016,272.97851539952296,268.4127145556596,270.4608154296875,40018900
2026-04-29,267.3037117460274,270.7905199823619,266.7942019267937,269.92132568359375,30047900
2026-04-30,270.25102650288807,275.7459641951834,267.893213328058,271.1002502441406,91848200
2026-05-01,278.6032901046287,286.95561044034525,278.1137509144006,279.88214111328125,79915400
2026-05-04,279.4025768563376,280.3716851917065,274.60697695873915,276.5751647949219,46668400
2026-05-05,276.6750995896243,284.30808218316156,276.2455026895375,283.9184265136719,49311700
2026-05-06,281.66051049385584,287.76487170009636,280.8112868075762,287.245361328125,58336100
2026-05-07,289.00371711581823,291.8611003514943,285.5169394038565,287.1754150390625,45224300
2026-05-08,289.7430674686918,294.4886952888782,289.7330669166447,293.0500183105469,52692800
2026-05-11,291.9800109863281,293.8800048828125,290.2300109863281,292.67999267578125,42247300
2026-05-12,292.55999755859375,295.2699890136719,292.55999755859375,294.79998779296875,45748100
2026-05-13,293.5,300.9200134277344,293.5,298.8699951171875,52684300
2026-05-14,299.82000732421875,300.45001220703125,295.3800048828125,298.2099914550781,35324900
2026-05-15,297.8999938964844,303.20001220703125,296.5199890136719,300.2300109863281,54862800
2026-05-18,300.239990234375,300.6600036621094,294.9100036621094,297.8399963378906,34483000
2026-05-19,296.9700012207031,300.510009765625,296.3500061035156,298.9700012207031,42243600
2026-05-20,298.17999267578125,302.79998779296875,298.0799865722656,302.25,38229800
2026-05-21,301.05999755859375,305.5400085449219,300.3999938964844,304.989990234375,42965100
2026-05-22,306.1199951171875,311.3999938964844,305.8399963378906,308.82000732421875,43670200
2026-05-26,309.55999755859375,311.82000732421875,307.6700134277344,308.3299865722656,48000500
2026-05-27,308.3299865722656,313.260009765625,308.29998779296875,310.8500061035156,50430900
2026-05-28,310.67999267578125,312.79998779296875,309.57000732421875,312.510009765625,48220400
2026-05-29,311.7799987792969,315.0,309.5299987792969,312.05999755859375,70026800
2026-06-01,309.6300048828125,310.94000244140625,305.0199890136719,306.30999755859375,48849900
2026-06-02,307.4599914550781,315.45001220703125,306.69000244140625,315.20001220703125,44534700
2026-06-03,314.17999267578125,316.94000244140625,308.8500061035156,310.260009765625,50836700
2026-06-04,313.2300109863281,313.5400085449219,309.6499938964844,311.2300109863281,44869100
2026-06-05,312.8599853515625,315.1700134277344,307.1499938964844,307.3399963378906,65310500
2026-06-08,308.739990234375,317.3999938964844,301.1700134277344,301.5400085449219,77949100
2026-06-09,300.2799987792969,300.75,287.7799987792969,290.54998779296875,70108800
2026-06-10,290.739990234375,294.75,287.3800048828125,291.5799865722656,52793300
2026-06-11,293.7200012207031,297.0,289.5899963378906,295.6300048828125,42572500
2026-06-12,296.0299987792969,297.1400146484375,289.6199951171875,291.1300048828125,38742100
2026-06-15,294.1199951171875,297.7799987792969,291.70001220703125,296.4200134277344,45732600
2026-06-16,295.25,300.4800109863281,293.9700012207031,299.239990234375,39874400
2026-06-17,300.8500061035156,302.07000732421875,294.3599853515625,295.95001220703125,42745100
2026-06-18,298.1099853515625,300.57000732421875,295.6199951171875,298.010009765625,85962200
2026-06-22,297.30999755859375,302.4200134277344,296.760009765625,297.010009765625,44879900
2026-06-23,297.5400085449219,301.6400146484375,294.17999267578125,294.29998779296875,52010900
2026-06-24,295.3599853515625,299.70001220703125,292.94000244140625,293.0799865722656,53081900
2026-06-25,287.3999938964844,288.79998779296875,273.75,275.1499938964844,107013700
2026-06-26,275.0,285.95001220703125,274.2099914550781,283.7799987792969,261775500
2026-06-29,286.7300109863281,288.3699951171875,279.8500061035156,281.739990234375,66427000
2026-06-30,281.1700134277344,289.94000244140625,280.70001220703125,289.3599853515625,65100200
2026-07-01,293.44000244140625,296.5899963378906,289.20001220703125,294.3800048828125,50164200
2026-07-02,294.1199951171875,309.4200134277344,293.67999267578125,308.6300048828125,75400600
